month;cpi_train;cpi_diesel;cpi_benzine;cpi_lpg
1996 januari;58,09;50,16;54,07;42,81
1996 februari;58,09;51,28;54,19;42,30
1996 maart;58,09;50,83;54,75;43,72
1996 april;58,09;51,76;57,16;42,43
1996 mei;58,09;50,40;57,30;40,55
1996 juni;58,09;49,96;56,02;40,18
1996 juli;58,09;51,22;56,52;38,48
1996 augustus;58,09;50,90;56,09;38,79
1996 september;58,09;53,81;56,49;43,32
1996 oktober;58,09;56,64;56,74;46,17
1996 november;58,09;54,00;56,99;46,70
1996 december;58,09;54,71;57,01;50,65
1997 januari;59,20;56,13;57,80;54,39
1997 februari;59,20;54,42;57,83;53,17
1997 maart;59,20;52,58;57,48;46,92
1997 april;59,20;52,38;57,01;42,84
1997 mei;59,20;52,72;57,33;42,72
1997 juni;59,20;52,34;57,29;42,70
1997 juli;59,20;54,66;60,84;49,09
1997 augustus;59,20;56,26;63,13;50,97
1997 september;59,20;54,72;62,15;50,75
1997 oktober;59,20;56,09;61,32;52,11
1997 november;59,80;56,17;61,07;52,17
1997 december;59,80;55,70;61,09;51,90
1998 januari;61,12;54,16;60,24;49,40
1998 februari;61,12;53,11;59,92;47,85
1998 maart;61,12;51,85;58,62;46,98
1998 april;61,12;52,79;59,61;45,44
1998 mei;61,31;52,76;59,60;45,34
1998 juni;61,31;51,75;59,30;44,25
1998 juli;61,31;51,62;59,88;43,96
1998 augustus;61,31;50,97;59,09;44,43
1998 september;61,31;51,56;58,54;44,57
1998 oktober;61,31;51,35;58,52;47,67
1998 november;61,52;50,59;57,84;49,38
1998 december;61,52;49,55;56,79;50,84
1999 januari;62,58;51,07;58,48;48,33
1999 februari;62,58;50,37;58,05;46,01
1999 maart;62,58;52,16;58,86;47,59
1999 april;62,58;53,85;60,77;48,41
1999 mei;62,46;53,94;61,33;48,46
1999 juni;63,00;53,57;61,30;48,51
1999 juli;63,00;55,85;63,21;52,51
1999 augustus;63,00;56,48;64,64;55,52
1999 september;63,00;57,71;64,73;55,68
1999 oktober;63,00;56,44;63,96;58,15
1999 november;63,25;60,76;65,43;57,76
1999 december;63,25;62,16;65,76;60,40
2000 januari;64,35;61,30;65,30;63,28
2000 februari;64,35;62,98;68,66;67,12
2000 maart;64,35;62,62;71,23;67,84
2000 april;64,35;61,43;68,55;63,99
2000 mei;64,35;63,69;72,97;61,44
2000 juni;64,35;63,83;75,65;62,70
2000 juli;64,35;65,11;73,55;64,76
2000 augustus;64,35;66,93;72,74;64,08
2000 september;64,35;71,61;74,89;73,44
2000 oktober;64,35;72,26;73,93;74,72
2000 november;64,35;72,67;72,48;76,01
2000 december;64,35;67,79;68,41;73,12
2001 januari;66,51;65,04;70,40;71,58
2001 februari;66,51;65,27;72,11;67,59
2001 maart;66,51;61,81;71,45;66,08
2001 april;66,51;63,52;75,11;65,14
2001 mei;66,51;65,37;77,55;65,14
2001 juni;66,51;67,15;73,46;65,84
2001 juli;66,51;65,38;70,70;60,99
2001 augustus;66,51;64,53;70,84;59,44
2001 september;66,51;65,37;71,71;60,70
2001 oktober;66,51;64,57;67,84;61,60
2001 november;66,51;61,63;66,12;59,82
2001 december;66,51;60,54;65,52;56,90
2002 januari;66,48;59,91;67,95;61,91
2002 februari;66,48;59,41;68,26;60,22
2002 maart;66,48;61,49;70,46;59,93
2002 april;66,48;62,71;73,17;64,16
2002 mei;66,48;62,19;72,14;62,82
2002 juni;66,48;60,76;70,90;61,07
2002 juli;66,48;60,87;71,26;59,95
2002 augustus;66,48;61,29;71,86;61,07
2002 september;66,48;62,93;72,66;65,69
2002 oktober;66,48;63,32;71,49;67,56
2002 november;66,48;60,81;68,78;66,13
2002 december;66,48;62,23;70,32;68,84
2003 januari;70,24;63,53;72,62;70,06
2003 februari;70,24;65,98;74,56;70,93
2003 maart;70,24;67,79;73,51;76,08
2003 april;70,24;61,82;71,99;61,24
2003 mei;70,24;58,86;70,20;56,45
2003 juni;70,24;59,37;70,54;57,00
2003 juli;70,24;59,96;71,69;59,08
2003 augustus;70,24;60,88;73,02;59,87
2003 september;70,24;59,86;71,59;61,48
2003 oktober;70,24;62,30;70,86;61,86
2003 november;70,24;62,15;70,67;64,22
2003 december;70,24;61,50;70,03;63,97
2004 januari;73,14;63,80;73,41;63,68
2004 februari;73,14;62,65;73,75;62,49
2004 maart;73,14;66,12;75,47;64,22
2004 april;73,14;66,25;76,89;63,96
2004 mei;73,14;68,21;80,08;64,17
2004 juni;73,35;67,07;77,76;64,31
2004 juli;74,77;68,81;79,10;64,27
2004 augustus;74,77;72,60;78,85;68,15
2004 september;74,77;73,18;78,70;71,72
2004 oktober;74,77;76,90;80,41;76,60
2004 november;74,77;74,41;77,68;75,59
2004 december;74,77;72,44;74,25;72,22
2005 januari;77,18;71,01;76,31;68,47
2005 februari;77,18;72,42;78,38;68,70
2005 maart;77,18;76,74;79,94;72,05
2005 april;77,18;78,20;82,56;71,83
2005 mei;77,18;76,05;80,97;68,32
2005 juni;77,57;81,39;83,99;69,06
2005 juli;77,57;82,52;86,71;71,41
2005 augustus;77,57;84,52;88,43;72,01
2005 september;77,57;86,71;92,06;79,26
2005 oktober;77,57;86,58;88,03;85,33
2005 november;77,57;82,08;83,87;81,54
2005 december;77,57;80,94;84,10;82,54
2006 januari;80,37;81,94;86,38;86,86
2006 februari;80,37;82,21;84,68;85,80
2006 maart;80,37;84,16;86,56;81,13
2006 april;80,37;86,85;91,17;81,29
2006 mei;80,37;86,32;91,16;77,87
2006 juni;80,37;86,80;91,87;77,36
2006 juli;80,37;87,27;93,86;80,27
2006 augustus;80,37;87,75;91,33;82,74
2006 september;80,37;82,73;84,35;82,89
2006 oktober;80,37;81,60;82,56;79,65
2006 november;80,37;80,38;82,43;79,29
2006 december;80,37;80,36;83,62;79,02
2007 januari;81,90;78,43;83,34;78,18
2007 februari;81,90;80,09;84,82;78,26
2007 maart;81,90;81,40;88,21;79,92
2007 april;81,90;83,53;91,26;80,92
2007 mei;81,90;83,57;93,69;80,64
2007 juni;81,90;85,25;92,92;82,74
2007 juli;81,90;85,96;92,17;81,81
2007 augustus;81,90;85,11;89,99;83,60
2007 september;81,90;87,53;91,10;85,07
2007 oktober;81,90;88,56;90,64;89,86
2007 november;81,90;95,72;93,90;94,34
2007 december;81,90;93,02;92,61;97,61
2008 januari;83,39;92,44;93,56;97,16
2008 februari;85,00;94,24;94,10;94,32
2008 maart;85,00;99,21;94,43;93,84
2008 april;85,00;101,50;96,86;92,23
2008 mei;85,00;110,25;100,40;95,67
2008 juni;85,00;112,39;103,74;98,49
2008 juli;85,00;114,13;102,71;104,20
2008 augustus;85,00;106,23;99,39;99,88
2008 september;85,00;103,94;98,62;101,50
2008 oktober;85,00;96,37;89,92;95,50
2008 november;85,00;89,04;81,32;81,43
2008 december;85,00;79,45;76,62;73,75
2009 januari;88,05;79,43;79,24;77,33
2009 februari;88,05;79,20;82,21;85,90
2009 maart;88,05;78,16;82,33;79,49
2009 april;88,05;79,62;84,33;75,36
2009 mei;88,05;80,15;87,41;75,24
2009 juni;88,05;84,09;90,96;79,73
2009 juli;88,05;82,54;88,09;81,01
2009 augustus;88,05;85,22;91,09;83,74
2009 september;88,05;83,01;88,32;85,77
2009 oktober;88,05;84,66;88,59;86,03
2009 november;88,05;85,96;90,43;89,83
2009 december;88,05;85,75;89,69;91,31
2010 januari;89,43;88,97;92,55;100,00
2010 februari;89,43;88,80;92,95;104,25
2010 maart;89,43;92,29;96,33;103,62
2010 april;89,43;95,62;97,90;100,88
2010 mei;89,43;96,17;97,48;99,61
2010 juni;89,43;96,33;97,22;100,09
2010 juli;89,43;94,47;95,88;98,00
2010 augustus;89,43;94,47;95,37;96,40
2010 september;89,43;95,20;95,68;101,53
2010 oktober;89,43;95,76;95,49;103,13
2010 november;89,43;97,06;96,39;108,89
2010 december;89,43;101,18;100,35;120,42
2011 januari;90,51;104,17;101,89;120,90
2011 februari;90,51;106,20;102,21;111,14
2011 maart;90,51;110,24;104,45;112,58
2011 april;90,51;111,37;107,84;117,54
2011 mei;90,51;108,54;107,65;115,62
2011 juni;90,51;107,89;105,28;109,53
2011 juli;90,51;109,03;106,05;110,49
2011 augustus;90,51;107,33;104,64;111,14
2011 september;90,51;109,11;106,88;111,30
2011 oktober;90,51;110,08;104,51;109,69
2011 november;90,51;112,67;103,49;107,61
2011 december;90,51;111,62;103,74;108,25
2012 januari;92,80;115,01;107,97;116,90
2012 februari;92,80;115,82;110,20;125,87
2012 maart;92,80;117,84;113,59;131,63
2012 april;92,80;117,52;115,70;127,95
2012 mei;92,80;115,50;112,19;120,74
2012 juni;92,80;111,86;109,63;112,90
2012 juli;92,80;113,88;110,84;110,81
2012 augustus;92,80;117,92;114,04;117,54
2012 september;92,80;119,22;116,28;125,55
2012 oktober;92,80;120,59;115,77;128,59
2012 november;92,80;119,38;112,83;129,39
2012 december;92,80;116,95;110,65;129,23
2013 januari;94,96;117,36;111,42;126,99
2013 februari;94,96;119,06;114,17;124,59
2013 maart;94,96;117,20;113,15;121,38
2013 april;94,96;114,45;111,48;118,66
2013 mei;94,96;112,42;110,08;111,62
2013 juni;94,96;112,75;110,65;109,37
2013 juli;94,96;114,69;112,12;113,38
2013 augustus;94,96;115,34;112,83;113,70
2013 september;94,96;116,23;112,44;114,66
2013 oktober;94,96;113,72;108,73;114,50
2013 november;94,96;112,18;107,33;115,94
2013 december;94,96;113,56;107,97;121,86
2014 januari;98,17;116,09;108,26;132,61
2014 februari;98,52;116,33;108,65;129,06
2014 maart;98,52;114,87;108,13;125,36
2014 april;98,52;115,44;110,57;123,10
2014 mei;98,52;115,68;110,95;121,49
2014 juni;98,52;116,25;112,56;121,49
2014 juli;98,52;115,52;112,17;122,78
2014 augustus;98,52;115,03;109,86;122,78
2014 september;98,52;114,79;110,76;122,78
2014 oktober;98,52;111,46;107,75;120,85
2014 november;98,52;110,17;104,61;114,24
2014 december;98,52;102,46;99,29;108,60
2015 januari;100,00;97,02;94,56;100,12
2015 februari;100,00;101,90;97,58;102,38
2015 maart;100,00;104,58;101,82;109,81
2015 april;100,00;104,25;103,68;107,87
2015 mei;100,00;106,45;105,35;104,97
2015 juni;100,00;105,72;106,25;99,48
2015 juli;100,00;102,79;106,57;97,54
2015 augustus;100,00;96,78;101,69;93,98
2015 september;100,00;96,78;97,00;92,05
2015 oktober;100,00;96,21;95,08;94,95
2015 november;100,00;96,86;96,75;98,83
2015 december;100,00;90,68;93,67;98,02
2016 januari;101,95;85,28;91,95;94,42
2016 februari;101,95;84,69;89,72;90,79
2016 maart;101,95;88,64;90,55;90,62
2016 april;101,95;88,93;94,35;91,46
2016 mei;101,95;92,46;96,32;90,50
2016 juni;101,95;95,21;97,71;90,95
2016 juli;101,95;92,38;94,93;88,83
2016 augustus;101,95;91,25;94,26;87,07
2016 september;101,95;93,50;95,88;89,58
2016 oktober;101,95;97,09;97,56;93,50
2016 november;101,95;96,53;96,54;96,17
2016 december;101,95;100,68;99,58;101,36
2017 januari;102,31;101,48;100,92;105,31
2017 februari;102,31;101,56;101,92;108,84
2017 maart;102,31;99,78;99,77;108,61
2017 april;102,31;100,44;101,65;101,77
2017 mei;102,31;96,98;99,21;94,46
2017 juni;102,31;94,58;97,84;93,65
2017 juli;102,31;95,28;97,27;90,46
2017 augustus;102,31;97,02;98,48;94,41
2017 september;102,31;99,43;100,40;100,44
2017 oktober;102,31;100,77;98,65;105,02
2017 november;102,31;102,89;101,98;109,93
2017 december;102,31;102,92;100,59;111,30
2018 januari;103,39;105,25;102,29;112,17
2018 februari;103,39;102,13;100,80;107,52
2018 maart;103,39;102,61;99,43;105,43
2018 april;103,39;105,98;103,50;106,84
2018 mei;103,39;110,77;107,33;108,84
2018 juni;103,39;110,97;106,86;109,74
2018 juli;103,39;110,40;106,88;110,88
2018 augustus;103,39;110,73;108,30;111,53
2018 september;103,39;112,69;108,13;115,16
2018 oktober;103,39;115,36;106,64;119,86
2018 november;103,39;112,17;101,84;112,94
2018 december;103,39;105,66;97,27;104,66
2019 januari;107,99;106,37;99,54;102,20
2019 februari;107,99;109,73;101,71;104,15
2019 maart;107,99;111,14;104,37;105,76
2019 april;107,99;112,37;109,71;106,85
2019 mei;107,99;113,55;111,06;107,02
2019 juni;107,99;108,73;107,15;102,52
2019 juli;107,99;109,65;107,75;99,98
2019 augustus;107,99;108,39;106,34;95,54
2019 september;107,99;111,44;106,17;93,00
2019 oktober;107,99;111,69;105,92;97,85
2019 november;107,99;111,67;106,80;102,53
2019 december;107,99;113,11;107,19;106,55
2020 januari;109,40;115,30;109,35;112,28
2020 februari;109,40;110,84;107,22;107,66
2020 maart;109,40;103,40;100,93;97,80
2020 april;109,40;99,89;94,62;88,09
2020 mei;109,40;97,58;95,49;87,04
2020 juni;109,40;98,06;99,15;92,51
2020 juli;109,40;99,43;100,58;95,12
2020 augustus;109,40;98,49;100,79;94,99
2020 september;108,25;95,22;100,79;94,05
2020 oktober;108,25;95,62;100,39;99,23
2020 november;108,25;96,73;98,25;100,26
2020 december;108,25;100,60;100,09;100,94
2021 januari;110,03;105,60;104,08;108,78
2021 februari;110,03;110,91;107,98;114,00
2021 maart;110,03;114,01;111,47;119,44
2021 april;110,03;113,58;112,53;119,43
2021 mei;110,03;115,39;114,27;119,63
2021 juni;110,03;117,95;115,57;118,52
2021 juli;110,03;119,84;118,08;121,24
2021 augustus;110,03;119,38;118,35;122,43
2021 september;110,03;121,99;119,33;127,94
2021 oktober;110,03;131,67;125,14;143,55
2021 november;110,03;134,18;129,11;151,26
2021 december;110,03;131,13;126,86;150,12
2022 januari;112,18;136,63;128,68;147,46
2022 februari;112,18;143,06;132,54;148,55
2022 maart;112,18;173,72;148,14;176,43
2022 april;112,18;164,23;135,10;179,47
2022 mei;112,18;163,46;141,52;173,70
2022 juni;112,18;175,81;152,21;162,97
2022 juli;112,18;169,65;142,96;145,67
2022 augustus;112,18;161,95;133,59;137,49
2022 september;112,18;163,93;127,31;136,25
2022 oktober;112,18;170,27;129,09;135,02
2022 november;112,18;157,95;123,72;133,42
2022 december;112,18;143,63;113,79;128,95
2023 januari;118,62;146,62;118,16;125,29
2023 februari;118,62;138,81;117,88;134,21
2023 maart;118,62;134,07;117,38;140,14
2023 april;118,62;130,39;120,17;132,01
2023 mei;118,62;123,43;116,91;123,69
2023 juni;118,62;124,87;118,05;118,41
2023 juli;118,62;137,06;129,02;118,40
2023 augustus;118,62;149,11;134,62;118,79
2023 september;118,62;157,18;137,15;125,86
2023 oktober;118,62;155,55;132,12;129,86
2023 november;118,62;149,07;128,24;129,41
2023 december;118,62;141,79;123,13;130,04
2024 januari;118,62;143,22;124,64;132,25
2024 februari;118,62;149,29;128,44;134,16
2024 maart;118,62;148,22;130,92;135,07
2024 april;118,62;148,93;135,65;131,57
2024 mei;118,62;142,42;132,43;126,59
2024 juni;118,62;140,82;129,90;121,91
2024 juli;118,62;142,96;130,37;121,50
2024 augustus;118,62;138,10;127,32;120,99
2024 september;118,62;132,67;122,52;120,76
2024 oktober;118,62;135,39;124,04;130,23
2024 november;118,62;141,61;127,00;136,60
2024 december;118,62;142,40;126,97;138,69
2025 januari;125,95;144,70;127,82;141,73
2025 februari;125,95;143,72;128,27;143,93
2025 maart;125,95;138,52;124,23;141,24
2025 april;125,95;134,12;123,51;134,48
2025 mei;125,95;131,77;122,22;127,75
2025 juni;125,95;136,48;124,08;126,92
2025 juli;125,95;140,00;123,61;126,19
2025 augustus;127,45;138,07;124,18;125,25
2025 september;127,45;140,47;126,52;124,24
2025 oktober;127,45;140,43;126,33;124,30
2025 november;127,45;145,92;127,51;124,06
2025 december;127,45;140,69;124,54;124,41
