Date;CPI_Train;CPI_Diesel;CPI_Petrol;CPI_LPG
1996-01-01;58.09;50.16;54.07;42.81
1996-02-01;58.09;51.28;54.19;42.3
1996-03-01;58.09;50.83;54.75;43.72
1996-04-01;58.09;51.76;57.16;42.43
1996-05-01;58.09;50.4;57.3;40.55
1996-06-01;58.09;49.96;56.02;40.18
1996-07-01;58.09;51.22;56.52;38.48
1996-08-01;58.09;50.9;56.09;38.79
1996-09-01;58.09;53.81;56.49;43.32
1996-10-01;58.09;56.64;56.74;46.17
1996-11-01;58.09;54.0;56.99;46.7
1996-12-01;58.09;54.71;57.01;50.65
1997-01-01;59.2;56.13;57.8;54.39
1997-02-01;59.2;54.42;57.83;53.17
1997-03-01;59.2;52.58;57.48;46.92
1997-04-01;59.2;52.38;57.01;42.84
1997-05-01;59.2;52.72;57.33;42.72
1997-06-01;59.2;52.34;57.29;42.7
1997-07-01;59.2;54.66;60.84;49.09
1997-08-01;59.2;56.26;63.13;50.97
1997-09-01;59.2;54.72;62.15;50.75
1997-10-01;59.2;56.09;61.32;52.11
1997-11-01;59.8;56.17;61.07;52.17
1997-12-01;59.8;55.7;61.09;51.9
1998-01-01;61.12;54.16;60.24;49.4
1998-02-01;61.12;53.11;59.92;47.85
1998-03-01;61.12;51.85;58.62;46.98
1998-04-01;61.12;52.79;59.61;45.44
1998-05-01;61.31;52.76;59.6;45.34
1998-06-01;61.31;51.75;59.3;44.25
1998-07-01;61.31;51.62;59.88;43.96
1998-08-01;61.31;50.97;59.09;44.43
1998-09-01;61.31;51.56;58.54;44.57
1998-10-01;61.31;51.35;58.52;47.67
1998-11-01;61.52;50.59;57.84;49.38
1998-12-01;61.52;49.55;56.79;50.84
1999-01-01;62.58;51.07;58.48;48.33
1999-02-01;62.58;50.37;58.05;46.01
1999-03-01;62.58;52.16;58.86;47.59
1999-04-01;62.58;53.85;60.77;48.41
1999-05-01;62.46;53.94;61.33;48.46
1999-06-01;63.0;53.57;61.3;48.51
1999-07-01;63.0;55.85;63.21;52.51
1999-08-01;63.0;56.48;64.64;55.52
1999-09-01;63.0;57.71;64.73;55.68
1999-10-01;63.0;56.44;63.96;58.15
1999-11-01;63.25;60.76;65.43;57.76
1999-12-01;63.25;62.16;65.76;60.4
2000-01-01;64.35;61.3;65.3;63.28
2000-02-01;64.35;62.98;68.66;67.12
2000-03-01;64.35;62.62;71.23;67.84
2000-04-01;64.35;61.43;68.55;63.99
2000-05-01;64.35;63.69;72.97;61.44
2000-06-01;64.35;63.83;75.65;62.7
2000-07-01;64.35;65.11;73.55;64.76
2000-08-01;64.35;66.93;72.74;64.08
2000-09-01;64.35;71.61;74.89;73.44
2000-10-01;64.35;72.26;73.93;74.72
2000-11-01;64.35;72.67;72.48;76.01
2000-12-01;64.35;67.79;68.41;73.12
2001-01-01;66.51;65.04;70.4;71.58
2001-02-01;66.51;65.27;72.11;67.59
2001-03-01;66.51;61.81;71.45;66.08
2001-04-01;66.51;63.52;75.11;65.14
2001-05-01;66.51;65.37;77.55;65.14
2001-06-01;66.51;67.15;73.46;65.84
2001-07-01;66.51;65.38;70.7;60.99
2001-08-01;66.51;64.53;70.84;59.44
2001-09-01;66.51;65.37;71.71;60.7
2001-10-01;66.51;64.57;67.84;61.6
2001-11-01;66.51;61.63;66.12;59.82
2001-12-01;66.51;60.54;65.52;56.9
2002-01-01;66.48;59.91;67.95;61.91
2002-02-01;66.48;59.41;68.26;60.22
2002-03-01;66.48;61.49;70.46;59.93
2002-04-01;66.48;62.71;73.17;64.16
2002-05-01;66.48;62.19;72.14;62.82
2002-06-01;66.48;60.76;70.9;61.07
2002-07-01;66.48;60.87;71.26;59.95
2002-08-01;66.48;61.29;71.86;61.07
2002-09-01;66.48;62.93;72.66;65.69
2002-10-01;66.48;63.32;71.49;67.56
2002-11-01;66.48;60.81;68.78;66.13
2002-12-01;66.48;62.23;70.32;68.84
2003-01-01;70.24;63.53;72.62;70.06
2003-02-01;70.24;65.98;74.56;70.93
2003-03-01;70.24;67.79;73.51;76.08
2003-04-01;70.24;61.82;71.99;61.24
2003-05-01;70.24;58.86;70.2;56.45
2003-06-01;70.24;59.37;70.54;57.0
2003-07-01;70.24;59.96;71.69;59.08
2003-08-01;70.24;60.88;73.02;59.87
2003-09-01;70.24;59.86;71.59;61.48
2003-10-01;70.24;62.3;70.86;61.86
2003-11-01;70.24;62.15;70.67;64.22
2003-12-01;70.24;61.5;70.03;63.97
2004-01-01;73.14;63.8;73.41;63.68
2004-02-01;73.14;62.65;73.75;62.49
2004-03-01;73.14;66.12;75.47;64.22
2004-04-01;73.14;66.25;76.89;63.96
2004-05-01;73.14;68.21;80.08;64.17
2004-06-01;73.35;67.07;77.76;64.31
2004-07-01;74.77;68.81;79.1;64.27
2004-08-01;74.77;72.6;78.85;68.15
2004-09-01;74.77;73.18;78.7;71.72
2004-10-01;74.77;76.9;80.41;76.6
2004-11-01;74.77;74.41;77.68;75.59
2004-12-01;74.77;72.44;74.25;72.22
2005-01-01;77.18;71.01;76.31;68.47
2005-02-01;77.18;72.42;78.38;68.7
2005-03-01;77.18;76.74;79.94;72.05
2005-04-01;77.18;78.2;82.56;71.83
2005-05-01;77.18;76.05;80.97;68.32
2005-06-01;77.57;81.39;83.99;69.06
2005-07-01;77.57;82.52;86.71;71.41
2005-08-01;77.57;84.52;88.43;72.01
2005-09-01;77.57;86.71;92.06;79.26
2005-10-01;77.57;86.58;88.03;85.33
2005-11-01;77.57;82.08;83.87;81.54
2005-12-01;77.57;80.94;84.1;82.54
2006-01-01;80.37;81.94;86.38;86.86
2006-02-01;80.37;82.21;84.68;85.8
2006-03-01;80.37;84.16;86.56;81.13
2006-04-01;80.37;86.85;91.17;81.29
2006-05-01;80.37;86.32;91.16;77.87
2006-06-01;80.37;86.8;91.87;77.36
2006-07-01;80.37;87.27;93.86;80.27
2006-08-01;80.37;87.75;91.33;82.74
2006-09-01;80.37;82.73;84.35;82.89
2006-10-01;80.37;81.6;82.56;79.65
2006-11-01;80.37;80.38;82.43;79.29
2006-12-01;80.37;80.36;83.62;79.02
2007-01-01;81.9;78.43;83.34;78.18
2007-02-01;81.9;80.09;84.82;78.26
2007-03-01;81.9;81.4;88.21;79.92
2007-04-01;81.9;83.53;91.26;80.92
2007-05-01;81.9;83.57;93.69;80.64
2007-06-01;81.9;85.25;92.92;82.74
2007-07-01;81.9;85.96;92.17;81.81
2007-08-01;81.9;85.11;89.99;83.6
2007-09-01;81.9;87.53;91.1;85.07
2007-10-01;81.9;88.56;90.64;89.86
2007-11-01;81.9;95.72;93.9;94.34
2007-12-01;81.9;93.02;92.61;97.61
2008-01-01;83.39;92.44;93.56;97.16
2008-02-01;85.0;94.24;94.1;94.32
2008-03-01;85.0;99.21;94.43;93.84
2008-04-01;85.0;101.5;96.86;92.23
2008-05-01;85.0;110.25;100.4;95.67
2008-06-01;85.0;112.39;103.74;98.49
2008-07-01;85.0;114.13;102.71;104.2
2008-08-01;85.0;106.23;99.39;99.88
2008-09-01;85.0;103.94;98.62;101.5
2008-10-01;85.0;96.37;89.92;95.5
2008-11-01;85.0;89.04;81.32;81.43
2008-12-01;85.0;79.45;76.62;73.75
2009-01-01;88.05;79.43;79.24;77.33
2009-02-01;88.05;79.2;82.21;85.9
2009-03-01;88.05;78.16;82.33;79.49
2009-04-01;88.05;79.62;84.33;75.36
2009-05-01;88.05;80.15;87.41;75.24
2009-06-01;88.05;84.09;90.96;79.73
2009-07-01;88.05;82.54;88.09;81.01
2009-08-01;88.05;85.22;91.09;83.74
2009-09-01;88.05;83.01;88.32;85.77
2009-10-01;88.05;84.66;88.59;86.03
2009-11-01;88.05;85.96;90.43;89.83
2009-12-01;88.05;85.75;89.69;91.31
2010-01-01;89.43;88.97;92.55;100.0
2010-02-01;89.43;88.8;92.95;104.25
2010-03-01;89.43;92.29;96.33;103.62
2010-04-01;89.43;95.62;97.9;100.88
2010-05-01;89.43;96.17;97.48;99.61
2010-06-01;89.43;96.33;97.22;100.09
2010-07-01;89.43;94.47;95.88;98.0
2010-08-01;89.43;94.47;95.37;96.4
2010-09-01;89.43;95.2;95.68;101.53
2010-10-01;89.43;95.76;95.49;103.13
2010-11-01;89.43;97.06;96.39;108.89
2010-12-01;89.43;101.18;100.35;120.42
2011-01-01;90.51;104.17;101.89;120.9
2011-02-01;90.51;106.2;102.21;111.14
2011-03-01;90.51;110.24;104.45;112.58
2011-04-01;90.51;111.37;107.84;117.54
2011-05-01;90.51;108.54;107.65;115.62
2011-06-01;90.51;107.89;105.28;109.53
2011-07-01;90.51;109.03;106.05;110.49
2011-08-01;90.51;107.33;104.64;111.14
2011-09-01;90.51;109.11;106.88;111.3
2011-10-01;90.51;110.08;104.51;109.69
2011-11-01;90.51;112.67;103.49;107.61
2011-12-01;90.51;111.62;103.74;108.25
2012-01-01;92.8;115.01;107.97;116.9
2012-02-01;92.8;115.82;110.2;125.87
2012-03-01;92.8;117.84;113.59;131.63
2012-04-01;92.8;117.52;115.7;127.95
2012-05-01;92.8;115.5;112.19;120.74
2012-06-01;92.8;111.86;109.63;112.9
2012-07-01;92.8;113.88;110.84;110.81
2012-08-01;92.8;117.92;114.04;117.54
2012-09-01;92.8;119.22;116.28;125.55
2012-10-01;92.8;120.59;115.77;128.59
2012-11-01;92.8;119.38;112.83;129.39
2012-12-01;92.8;116.95;110.65;129.23
2013-01-01;94.96;117.36;111.42;126.99
2013-02-01;94.96;119.06;114.17;124.59
2013-03-01;94.96;117.2;113.15;121.38
2013-04-01;94.96;114.45;111.48;118.66
2013-05-01;94.96;112.42;110.08;111.62
2013-06-01;94.96;112.75;110.65;109.37
2013-07-01;94.96;114.69;112.12;113.38
2013-08-01;94.96;115.34;112.83;113.7
2013-09-01;94.96;116.23;112.44;114.66
2013-10-01;94.96;113.72;108.73;114.5
2013-11-01;94.96;112.18;107.33;115.94
2013-12-01;94.96;113.56;107.97;121.86
2014-01-01;98.17;116.09;108.26;132.61
2014-02-01;98.52;116.33;108.65;129.06
2014-03-01;98.52;114.87;108.13;125.36
2014-04-01;98.52;115.44;110.57;123.1
2014-05-01;98.52;115.68;110.95;121.49
2014-06-01;98.52;116.25;112.56;121.49
2014-07-01;98.52;115.52;112.17;122.78
2014-08-01;98.52;115.03;109.86;122.78
2014-09-01;98.52;114.79;110.76;122.78
2014-10-01;98.52;111.46;107.75;120.85
2014-11-01;98.52;110.17;104.61;114.24
2014-12-01;98.52;102.46;99.29;108.6
2015-01-01;100.0;97.02;94.56;100.12
2015-02-01;100.0;101.9;97.58;102.38
2015-03-01;100.0;104.58;101.82;109.81
2015-04-01;100.0;104.25;103.68;107.87
2015-05-01;100.0;106.45;105.35;104.97
2015-06-01;100.0;105.72;106.25;99.48
2015-07-01;100.0;102.79;106.57;97.54
2015-08-01;100.0;96.78;101.69;93.98
2015-09-01;100.0;96.78;97.0;92.05
2015-10-01;100.0;96.21;95.08;94.95
2015-11-01;100.0;96.86;96.75;98.83
2015-12-01;100.0;90.68;93.67;98.02
2016-01-01;101.95;85.28;91.95;94.42
2016-02-01;101.95;84.69;89.72;90.79
2016-03-01;101.95;88.64;90.55;90.62
2016-04-01;101.95;88.93;94.35;91.46
2016-05-01;101.95;92.46;96.32;90.5
2016-06-01;101.95;95.21;97.71;90.95
2016-07-01;101.95;92.38;94.93;88.83
2016-08-01;101.95;91.25;94.26;87.07
2016-09-01;101.95;93.5;95.88;89.58
2016-10-01;101.95;97.09;97.56;93.5
2016-11-01;101.95;96.53;96.54;96.17
2016-12-01;101.95;100.68;99.58;101.36
2017-01-01;102.31;101.48;100.92;105.31
2017-02-01;102.31;101.56;101.92;108.84
2017-03-01;102.31;99.78;99.77;108.61
2017-04-01;102.31;100.44;101.65;101.77
2017-05-01;102.31;96.98;99.21;94.46
2017-06-01;102.31;94.58;97.84;93.65
2017-07-01;102.31;95.28;97.27;90.46
2017-08-01;102.31;97.02;98.48;94.41
2017-09-01;102.31;99.43;100.4;100.44
2017-10-01;102.31;100.77;98.65;105.02
2017-11-01;102.31;102.89;101.98;109.93
2017-12-01;102.31;102.92;100.59;111.3
2018-01-01;103.39;105.25;102.29;112.17
2018-02-01;103.39;102.13;100.8;107.52
2018-03-01;103.39;102.61;99.43;105.43
2018-04-01;103.39;105.98;103.5;106.84
2018-05-01;103.39;110.77;107.33;108.84
2018-06-01;103.39;110.97;106.86;109.74
2018-07-01;103.39;110.4;106.88;110.88
2018-08-01;103.39;110.73;108.3;111.53
2018-09-01;103.39;112.69;108.13;115.16
2018-10-01;103.39;115.36;106.64;119.86
2018-11-01;103.39;112.17;101.84;112.94
2018-12-01;103.39;105.66;97.27;104.66
2019-01-01;107.99;106.37;99.54;102.2
2019-02-01;107.99;109.73;101.71;104.15
2019-03-01;107.99;111.14;104.37;105.76
2019-04-01;107.99;112.37;109.71;106.85
2019-05-01;107.99;113.55;111.06;107.02
2019-06-01;107.99;108.73;107.15;102.52
2019-07-01;107.99;109.65;107.75;99.98
2019-08-01;107.99;108.39;106.34;95.54
2019-09-01;107.99;111.44;106.17;93.0
2019-10-01;107.99;111.69;105.92;97.85
2019-11-01;107.99;111.67;106.8;102.53
2019-12-01;107.99;113.11;107.19;106.55
2020-01-01;109.4;115.3;109.35;112.28
2020-02-01;109.4;110.84;107.22;107.66
2020-03-01;109.4;103.4;100.93;97.8
2020-04-01;109.4;99.89;94.62;88.09
2020-05-01;109.4;97.58;95.49;87.04
2020-06-01;109.4;98.06;99.15;92.51
2020-07-01;109.4;99.43;100.58;95.12
2020-08-01;109.4;98.49;100.79;94.99
2020-09-01;108.25;95.22;100.79;94.05
2020-10-01;108.25;95.62;100.39;99.23
2020-11-01;108.25;96.73;98.25;100.26
2020-12-01;108.25;100.6;100.09;100.94
2021-01-01;110.03;105.6;104.08;108.78
2021-02-01;110.03;110.91;107.98;114.0
2021-03-01;110.03;114.01;111.47;119.44
2021-04-01;110.03;113.58;112.53;119.43
2021-05-01;110.03;115.39;114.27;119.63
2021-06-01;110.03;117.95;115.57;118.52
2021-07-01;110.03;119.84;118.08;121.24
2021-08-01;110.03;119.38;118.35;122.43
2021-09-01;110.03;121.99;119.33;127.94
2021-10-01;110.03;131.67;125.14;143.55
2021-11-01;110.03;134.18;129.11;151.26
2021-12-01;110.03;131.13;126.86;150.12
2022-01-01;112.18;136.63;128.68;147.46
2022-02-01;112.18;143.06;132.54;148.55
2022-03-01;112.18;173.72;148.14;176.43
2022-04-01;112.18;164.23;135.1;179.47
2022-05-01;112.18;163.46;141.52;173.7
2022-06-01;112.18;175.81;152.21;162.97
2022-07-01;112.18;169.65;142.96;145.67
2022-08-01;112.18;161.95;133.59;137.49
2022-09-01;112.18;163.93;127.31;136.25
2022-10-01;112.18;170.27;129.09;135.02
2022-11-01;112.18;157.95;123.72;133.42
2022-12-01;112.18;143.63;113.79;128.95
2023-01-01;118.62;146.62;118.16;125.29
2023-02-01;118.62;138.81;117.88;134.21
2023-03-01;118.62;134.07;117.38;140.14
2023-04-01;118.62;130.39;120.17;132.01
2023-05-01;118.62;123.43;116.91;123.69
2023-06-01;118.62;124.87;118.05;118.41
2023-07-01;118.62;137.06;129.02;118.4
2023-08-01;118.62;149.11;134.62;118.79
2023-09-01;118.62;157.18;137.15;125.86
2023-10-01;118.62;155.55;132.12;129.86
2023-11-01;118.62;149.07;128.24;129.41
2023-12-01;118.62;141.79;123.13;130.04
2024-01-01;118.62;143.22;124.64;132.25
2024-02-01;118.62;149.29;128.44;134.16
2024-03-01;118.62;148.22;130.92;135.07
2024-04-01;118.62;148.93;135.65;131.57
2024-05-01;118.62;142.42;132.43;126.59
2024-06-01;118.62;140.82;129.9;121.91
2024-07-01;118.62;142.96;130.37;121.5
2024-08-01;118.62;138.1;127.32;120.99
2024-09-01;118.62;132.67;122.52;120.76
2024-10-01;118.62;135.39;124.04;130.23
2024-11-01;118.62;141.61;127.0;136.6
2024-12-01;118.62;142.4;126.97;138.69
2025-01-01;125.95;144.7;127.82;141.73
2025-02-01;125.95;143.72;128.27;143.93
2025-03-01;125.95;138.52;124.23;141.24
2025-04-01;125.95;134.12;123.51;134.48
2025-05-01;125.95;131.77;122.22;127.75
2025-06-01;125.95;136.48;124.08;126.92
2025-07-01;125.95;140.0;123.61;126.19
2025-08-01;127.45;138.07;124.18;125.25
2025-09-01;127.45;140.47;126.52;124.24
2025-10-01;127.45;140.43;126.33;124.3
2025-11-01;127.45;145.92;127.51;124.06
2025-12-01;127.45;140.69;124.54;124.41
