Mode;;Bicycle;Bicycle;Bicycle;Bicycle;Bicycle;Bus/tram/metro;Bus/tram/metro;Bus/tram/metro;Bus/tram/metro;Bus/tram/metro;Car (driver);Car (driver);Car (driver);Car (driver);Car (driver);Car (passenger);Car (passenger);Car (passenger);Car (passenger);Car (passenger);Car (total);Car (total);Car (total);Car (total);Car (total);Other modes;Other modes;Other modes;Other modes;Other modes;Total;Total;Total;Total;Total;Train;Train;Train;Train;Train;Walking;Walking;Walking;Walking;Walking
Indicator;;Distance per person per day (km);Distance per trip (km);Travel time per person per day (min);Travel time per trip (min);Trips per person per day (trips);Distance per person per day (km);Distance per trip (km);Travel time per person per day (min);Travel time per trip (min);Trips per person per day (trips);Distance per person per day (km);Distance per trip (km);Travel time per person per day (min);Travel time per trip (min);Trips per person per day (trips);Distance per person per day (km);Distance per trip (km);Travel time per person per day (min);Travel time per trip (min);Trips per person per day (trips);Distance per person per day (km);Distance per trip (km);Travel time per person per day (min);Travel time per trip (min);Trips per person per day (trips);Distance per person per day (km);Distance per trip (km);Travel time per person per day (min);Travel time per trip (min);Trips per person per day (trips);Distance per person per day (km);Distance per trip (km);Travel time per person per day (min);Travel time per trip (min);Trips per person per day (trips);Distance per person per day (km);Distance per trip (km);Travel time per person per day (min);Travel time per trip (min);Trips per person per day (trips);Distance per person per day (km);Distance per trip (km);Travel time per person per day (min);Travel time per trip (min);Trips per person per day (trips)
Date;Travel purpose;;;;;;;;;;;;;;;;;;;;;;;;;;;;;;;;;;;;;;;;;;;;;
1999-01-01;Total;2.7579;3.17;16.5126;18.98;0.87;1.9088;11.93;4.44;27.75;0.16;17.1885;16.37;25.273500000000002;24.07;1.05;9.1872;19.14;13.9008;28.96;0.48;26.3757;17.239019607843137;39.1743;25.604117647058825;1.53;2.0544000000000002;17.12;3.8112;31.76;0.12;37.501999999999995;11.03;80.818;23.77;3.4;3.5819000000000005;51.17;3.6792000000000007;52.56;0.07;0.8450000000000001;1.3;13.221;20.34;0.65
1999-01-01;Commuting;0.5265;3.51;2.5994999999999995;17.33;0.15;0.4828;12.07;1.0324;25.81;0.04;4.83;21.0;6.6493;28.91;0.23;1.059;21.18;1.5975000000000001;31.95;0.05;5.889;21.032142857142855;8.2468;29.45285714285714;0.28;0.8995;17.99;1.3885;27.77;0.05;8.8087;14.93;14.7264;24.96;0.59;0.843;42.15;0.8674;43.37;0.02;0.044000000000000004;0.88;0.519;10.38;0.05
1999-01-01;Shopping;0.36800000000000005;1.84;2.45;12.25;0.2;0.27059999999999995;9.02;0.7626000000000001;25.42;0.03;1.5985;6.95;3.3557;14.59;0.23;0.9072;10.08;1.7487;19.43;0.09;2.5057;7.8303125;5.1044;15.95125;0.32;0.06559999999999999;6.56;0.16570000000000001;16.57;0.01;3.6208;4.96;10.8989;14.93;0.73;0.42110000000000003;42.11;0.4642;46.42;0.01;0.1424;0.89;2.1024000000000003;13.14;0.16
1999-01-01;Education;0.3384;2.82;1.914;15.95;0.12;0.4038;13.46;0.8313;27.71;0.03;0.42840000000000006;21.42;0.5154;25.77;0.02;0.26039999999999996;8.68;0.5145;17.15;0.03;0.6888000000000001;13.776000000000002;1.0299;20.598;0.05;0.10400000000000001;10.4;0.2788;27.88;0.01;2.052;6.84;5.364;17.88;0.3;0.3839;38.39;0.4194;41.94;0.01;0.056799999999999996;0.71;0.8016;10.02;0.08
1999-01-01;Leisure;1.2339000000000002;4.57;7.7166;28.58;0.27;0.4972;12.43;1.29;32.25;0.04;5.6978;18.38;8.68;28.0;0.31;5.4125;21.65;8.2975;33.19;0.25;11.1103;19.839821428571426;16.9775;30.31696428571428;0.56;0.5013;16.71;1.3302;44.34;0.03;14.7618;12.51;36.934;31.3;1.18;1.337;66.85;1.4112;70.56;0.02;0.5211;1.93;8.6535;32.05;0.27
1999-01-01;Other;0.2821;2.17;1.7719000000000003;13.63;0.13;0.24559999999999998;12.28;0.538;26.9;0.02;4.6436;17.86;6.089200000000001;23.42;0.26;1.7528000000000001;25.04;2.0223000000000004;28.89;0.07;6.3964;19.383030303030303;8.111500000000001;24.580303030303032;0.33;0.538;26.9;0.6304;31.52;0.02;8.1479;13.81;12.6319;21.41;0.59;0.6764;67.64;0.6228;62.28;0.01;0.0801;0.89;1.134;12.6;0.09
2000-01-01;Total;2.7434;3.19;16.2884;18.94;0.86;1.7894999999999999;11.93;4.1565;27.71;0.15;17.1184;16.46;25.0224;24.06;1.04;8.7814;19.09;13.2434;28.79;0.46;25.8998;17.26653333333333;38.2658;25.51053333333333;1.5;2.0172;16.81;3.7596;31.33;0.12;36.9404;11.06;79.3584;23.76;3.34;3.5749000000000004;51.07;3.6701;52.43;0.07;0.8316;1.32;12.9843;20.61;0.63
2000-01-01;Commuting;0.531;3.54;2.5815;17.21;0.15;0.47200000000000003;11.8;1.0252;25.63;0.04;4.8806;21.22;6.651600000000001;28.92;0.23;0.8508;21.27;1.27;31.75;0.04;5.731400000000001;21.22740740740741;7.9216000000000015;29.33925925925926;0.27;0.8815;17.63;1.3435000000000001;26.87;0.05;8.861799999999999;15.02;14.6615;24.85;0.59;1.2593999999999999;41.98;1.2942;43.14;0.03;0.044000000000000004;0.88;0.5195000000000001;10.39;0.05
2000-01-01;Shopping;0.35150000000000003;1.85;2.318;12.2;0.19;0.2676;8.92;0.7578;25.26;0.03;1.6146;7.02;3.3465000000000003;14.55;0.23;0.9234;10.26;1.7415;19.35;0.09;2.5380000000000003;7.93125;5.088;15.9;0.32;0.0689;6.89;0.1674;16.74;0.01;3.55;5.0;10.5435;14.85;0.71;0.4204;42.04;0.4636;46.36;0.01;0.132;0.88;1.9634999999999998;13.09;0.15
2000-01-01;Education;0.34199999999999997;2.85;1.9127999999999998;15.94;0.12;0.4098;13.66;0.8403;28.01;0.03;0.436;21.8;0.5268;26.34;0.02;0.2592;8.64;0.5112;17.04;0.03;0.6952;13.904;1.038;20.759999999999998;0.05;0.1104;11.04;0.2918;29.18;0.01;2.0909999999999997;6.97;5.430000000000001;18.1;0.3;0.3841;38.41;0.4203;42.03;0.01;0.051100000000000007;0.73;0.7133;10.19;0.07
2000-01-01;Leisure;1.2366000000000001;4.58;7.708500000000001;28.55;0.27;0.37979999999999997;12.66;0.9647999999999999;32.16;0.03;5.538;18.46;8.418;28.06;0.3;5.1624;21.51;7.908;32.95;0.24;10.7004;19.815555555555555;16.326;30.23333333333333;0.54;0.4865999999999999;16.22;1.3437;44.79;0.03;14.488399999999999;12.49;36.389199999999995;31.37;1.16;1.3328;66.64;1.395;69.75;0.02;0.5319;1.97;8.772300000000001;32.49;0.27
2000-01-01;Other;0.258;2.15;1.6068;13.39;0.12;0.245;12.25;0.545;27.25;0.02;4.615;17.75;6.0372;23.22;0.26;1.5018;25.03;1.7256;28.76;0.06;6.1168000000000005;19.115000000000002;7.7627999999999995;24.25875;0.32;0.5188;25.94;0.5942000000000001;29.71;0.02;7.797599999999999;13.68;12.044099999999998;21.13;0.57;0.6724;67.24;0.6258;62.58;0.01;0.0783;0.87;1.0961999999999998;12.18;0.09
2001-01-01;Total;2.72;3.2;15.9545;18.77;0.85;1.7684999999999997;11.79;4.089;27.26;0.15;17.0465;16.55;24.7818;24.06;1.03;8.6085;19.13;12.860999999999999;28.58;0.45;25.655;17.33445945945946;37.6428;25.434324324324326;1.48;2.0256;16.88;3.7476;31.23;0.12;36.3874;11.06;77.84140000000001;23.66;3.29;3.5539000000000005;50.77;3.6449000000000003;52.07;0.07;0.8505;1.35;13.0599;20.73;0.63
2001-01-01;Commuting;0.49840000000000007;3.56;2.415;17.25;0.14;0.46880000000000005;11.72;1.0156;25.39;0.04;4.922;21.4;6.6884;29.08;0.23;0.8316;20.79;1.2552;31.38;0.04;5.7536;21.309629629629626;7.9436;29.42074074074074;0.27;0.7148000000000001;17.87;1.0784;26.96;0.04;8.7174;15.03;14.4246;24.87;0.58;0.8402;42.01;0.8614;43.07;0.02;0.045500000000000006;0.91;0.5395;10.79;0.05
2001-01-01;Shopping;0.35340000000000005;1.86;2.2819;12.01;0.19;0.17980000000000002;8.99;0.4978;24.89;0.02;1.6146;7.02;3.3189;14.43;0.23;0.9207;10.23;1.7297999999999998;19.22;0.09;2.5353;7.922812499999999;5.0487;15.7771875;0.32;0.06269999999999999;6.27;0.1557;15.57;0.01;3.493;4.99;10.226999999999999;14.61;0.7;0.4203;42.03;0.4622;46.22;0.01;0.1335;0.89;1.9034999999999997;12.69;0.15
2001-01-01;Education;0.34319999999999995;2.86;1.884;15.7;0.12;0.4044;13.48;0.8261999999999999;27.54;0.03;0.43840000000000007;21.92;0.534;26.7;0.02;0.2541;8.47;0.5034000000000001;16.78;0.03;0.6925000000000001;13.850000000000001;1.0374;20.748;0.05;0.11359999999999999;11.36;0.28800000000000003;28.8;0.01;2.0096999999999996;6.93;5.1880999999999995;17.89;0.29;0.3848;38.48;0.41869999999999996;41.87;0.01;0.0504;0.72;0.6972000000000002;9.96;0.07
2001-01-01;Leisure;1.2447000000000001;4.61;7.681500000000001;28.45;0.27;0.3705;12.35;0.9375;31.25;0.03;5.4258999999999995;18.71;8.1403;28.07;0.29;5.0485;21.95;7.562400000000001;32.88;0.23;10.4744;20.143076923076922;15.7027;30.197499999999998;0.52;0.5085;16.95;1.3296;44.32;0.03;14.363999999999999;12.6;35.7504;31.36;1.14;1.3263999999999998;66.32;1.3866;69.33;0.02;0.5481;2.03;8.8398;32.74;0.27
2001-01-01;Other;0.25680000000000003;2.14;1.5899999999999999;13.25;0.12;0.239;11.95;0.5376;26.88;0.02;4.4375;17.75;5.8175;23.27;0.25;1.4556;24.26;1.7058;28.43;0.06;5.8931000000000004;19.01;7.5233;24.268709677419356;0.31;0.4988;24.94;0.6008;30.04;0.02;7.7063999999999995;13.52;12.027;21.1;0.57;0.6659999999999999;66.6;0.6204999999999999;62.05;0.01;0.0783;0.87;1.1232;12.48;0.09
2002-01-01;Total;2.72;3.2;15.860999999999999;18.66;0.85;1.6198000000000001;11.57;3.8248;27.32;0.14;17.2016;16.54;24.9392;23.98;1.04;8.4128;19.12;12.540000000000001;28.5;0.44;25.614399999999996;17.307027027027026;37.4792;25.32378378378378;1.48;2.0687999999999995;17.24;3.7536;31.28;0.12;36.420300000000005;11.07;77.2492;23.48;3.29;3.5357000000000003;50.51;3.6407000000000003;52.01;0.07;0.8184;1.32;12.492999999999999;20.15;0.62
2002-01-01;Commuting;0.5355;3.57;2.5635;17.09;0.15;0.46280000000000004;11.57;1.0148000000000001;25.37;0.04;5.143199999999999;21.43;6.9504;28.96;0.24;0.8351999999999999;20.88;1.2448000000000001;31.12;0.04;5.978399999999999;21.35142857142857;8.1952;29.26857142857143;0.27999999999999997;0.7120000000000001;17.8;1.0628;26.57;0.04;8.8441;14.99;14.5376;24.64;0.59;1.2639;42.13;1.2977999999999998;43.26;0.03;0.043500000000000004;0.87;0.511;10.22;0.05
2002-01-01;Shopping;0.3553;1.87;2.2781000000000002;11.99;0.19;0.18280000000000002;9.14;0.5024000000000001;25.12;0.02;1.6077000000000001;6.99;3.3143000000000002;14.41;0.23;0.9234;10.26;1.7297999999999998;19.22;0.09;2.5311000000000003;7.909687500000001;5.0441;15.7628125;0.32;0.0587;5.87;0.1592;15.92;0.01;3.5139999999999993;5.02;10.199;14.57;0.7;0.4216;42.16;0.46649999999999997;46.65;0.01;0.1305;0.87;1.8719999999999999;12.48;0.15
2002-01-01;Education;0.34559999999999996;2.88;1.8888;15.74;0.12;0.3993;13.31;0.834;27.8;0.03;0.44439999999999996;22.22;0.545;27.25;0.02;0.2574;8.58;0.5069999999999999;16.9;0.03;0.7018;14.036;1.052;21.04;0.05;0.1161;11.61;0.2982;29.82;0.01;2.0126;6.94;5.1880999999999995;17.89;0.29;0.3848;38.48;0.4216;42.16;0.01;0.0483;0.69;0.6622000000000001;9.46;0.07
2002-01-01;Leisure;1.2012;4.62;7.3918;28.43;0.26;0.3636;12.12;0.9429;31.43;0.03;5.652;18.84;8.427;28.09;0.3;5.0945;22.15;7.5739;32.93;0.23;10.746500000000001;20.276415094339622;16.0009;30.19037735849057;0.53;0.5015999999999999;16.72;1.3298999999999999;44.33;0.03;14.5008;12.72;35.545199999999994;31.18;1.14;1.3222;66.11;1.3825999999999998;69.13;0.02;0.52;2.0;8.335600000000001;32.06;0.26
2002-01-01;Other;0.2556;2.13;1.5768;13.14;0.12;0.22039999999999998;11.02;0.533;26.65;0.02;4.581200000000001;17.62;5.9904;23.04;0.26;1.4052;23.42;1.6806;28.01;0.06;5.9864000000000015;18.707500000000003;7.671;23.971875;0.32;0.5628000000000001;28.14;0.621;31.05;0.02;7.5866999999999996;13.31;11.8332;20.76;0.57;0.6557;65.57;0.6165999999999999;61.66;0.01;0.07469999999999999;0.83;1.0665;11.85;0.09
2003-01-01;Total;2.8275;3.25;16.5561;19.03;0.87;1.5778;11.27;3.8332;27.38;0.14;17.409599999999998;16.74;25.0952;24.13;1.04;8.505199999999999;19.33;12.5488;28.52;0.44;25.914799999999996;17.509999999999998;37.644;25.435135135135134;1.48;1.9667999999999999;17.88;3.531;32.1;0.11;36.519;11.1;77.8743;23.67;3.29;3.4853;49.79;3.5966000000000005;51.38;0.07;0.8308000000000001;1.34;12.7658;20.59;0.62
2003-01-01;Commuting;0.54;3.6;2.5845;17.23;0.15;0.4484;11.21;1.0164;25.41;0.04;5.1743999999999994;21.56;6.9792;29.08;0.24;0.8356;20.89;1.242;31.05;0.04;6.01;21.464285714285715;8.2212;29.361428571428572;0.27999999999999997;0.7512000000000001;18.78;1.0756000000000001;26.89;0.04;8.7522;15.09;14.343399999999999;24.73;0.58;1.2560999999999998;41.87;1.2909;43.03;0.03;0.043000000000000003;0.86;0.511;10.22;0.05
2003-01-01;Shopping;0.3591;1.89;2.2857;12.03;0.19;0.17120000000000002;8.56;0.49840000000000007;24.92;0.02;1.6399000000000001;7.13;3.335;14.5;0.23;0.9567;10.63;1.7441999999999998;19.38;0.09;2.5965999999999996;8.114374999999999;5.0792;15.8725;0.32;0.0641;6.41;0.1624;16.24;0.01;3.5559999999999996;5.08;10.248;14.64;0.7;0.4169;41.69;0.461;46.1;0.01;0.1305;0.87;1.9049999999999998;12.7;0.15
2003-01-01;Education;0.3492;2.91;1.9068;15.89;0.12;0.3957;13.19;0.8436;28.12;0.03;0.44880000000000003;22.44;0.5546;27.73;0.02;0.1736;8.68;0.34;17.0;0.02;0.6224000000000001;15.56;0.8946000000000001;22.365000000000002;0.04;0.129;12.9;0.3179;31.79;0.01;2.0242;6.98;5.246099999999999;18.09;0.29;0.38380000000000003;38.38;0.41960000000000003;41.96;0.01;0.049;0.7;0.6727000000000001;9.61;0.07
2003-01-01;Leisure;1.3104;4.68;8.1004;28.93;0.28;0.3555;11.85;0.9438;31.46;0.03;5.76;19.2;8.49;28.3;0.3;5.161200000000001;22.44;7.5831;32.97;0.23;10.9212;20.606037735849057;16.0731;30.326603773584903;0.53;0.5373;17.91;1.3589999999999998;45.3;0.03;14.651;12.74;36.270999999999994;31.54;1.15;1.3104;65.52;1.3681999999999999;68.41;0.02;0.5277999999999999;2.03;8.554;32.9;0.26
2003-01-01;Other;0.27949999999999997;2.15;1.7212;13.24;0.13;0.2134;10.67;0.5352;26.76;0.02;4.5994;17.69;6.0164;23.14;0.26;1.3908;23.18;1.6722;27.87;0.06;5.9902;18.719375;7.6886;24.026875;0.32;0.5297999999999999;26.49;0.633;31.65;0.02;7.609599999999999;13.12;12.0002;20.69;0.58;0.6476999999999999;64.77;0.6144;61.44;0.01;0.0729;0.81;1.0493999999999999;11.66;0.09
2004-01-01;Total;2.8449;3.27;16.6083;19.09;0.87;1.5610000000000002;11.15;3.8458;27.47;0.14;17.4616;16.79;25.2096;24.24;1.04;8.527199999999999;19.38;12.5928;28.62;0.44;25.988799999999998;17.56;37.8024;25.54216216216216;1.48;1.8864999999999998;17.15;3.4672;31.52;0.11;36.3752;11.09;77.5392;23.64;3.28;3.4769000000000005;49.67;3.6190000000000007;51.7;0.07;0.8184;1.32;12.492999999999999;20.15;0.62
2004-01-01;Commuting;0.5792;3.62;2.7568;17.23;0.16;0.44920000000000004;11.23;1.0228;25.57;0.04;5.2224;21.76;6.9984;29.16;0.24;0.8312;20.78;1.2316;30.79;0.04;6.0536;21.620000000000005;8.23;29.392857142857146;0.27999999999999997;0.7232;18.08;1.0704;26.76;0.04;9.0768;14.88;14.969399999999998;24.54;0.61;1.2585;41.95;1.3011;43.37;0.03;0.0516;0.86;0.6192;10.32;0.06
2004-01-01;Shopping;0.3591;1.89;2.3047;12.13;0.19;0.17120000000000002;8.56;0.5015999999999999;25.08;0.02;1.6422;7.14;3.3534;14.58;0.23;0.9485999999999999;10.54;1.7496;19.44;0.09;2.5907999999999998;8.09625;5.103;15.946874999999999;0.32;0.0618;6.18;0.1659;16.59;0.01;3.4913999999999996;5.06;10.1085;14.65;0.69;0.4179;41.79;0.4656;46.56;0.01;0.1275;0.85;1.8644999999999998;12.43;0.15
2004-01-01;Education;0.3809;2.93;2.0475;15.75;0.13;0.4017;13.39;0.8486999999999999;28.29;0.03;0.44680000000000003;22.34;0.5594;27.97;0.02;0.26039999999999996;8.68;0.5112;17.04;0.03;0.7072;14.144;1.0706;21.412;0.05;0.1174;11.74;0.2948;29.48;0.01;2.0549999999999997;6.85;5.346;17.82;0.3;0.38689999999999997;38.69;0.42560000000000003;42.56;0.01;0.04760000000000001;0.68;0.6405000000000001;9.15;0.07
2004-01-01;Leisure;1.2663000000000002;4.69;7.902900000000001;29.27;0.27;0.3447;11.49;0.9473999999999999;31.58;0.03;5.8229999999999995;19.41;8.529;28.43;0.3;5.2877;22.99;7.6383;33.21;0.23;11.1107;20.963584905660376;16.1673;30.50433962264151;0.53;0.5598;18.66;1.3695;45.65;0.03;14.984499999999999;13.03;36.3285;31.59;1.15;1.3072;65.36;1.3803999999999998;69.02;0.02;0.5226;2.01;8.418800000000001;32.38;0.26
2004-01-01;Other;0.25680000000000003;2.14;1.5539999999999998;12.95;0.12;0.1974;9.87;0.5266;26.33;0.02;4.1448;17.27;5.5008;22.92;0.24;1.3097999999999999;21.83;1.6488;27.48;0.06;5.4546;18.182000000000002;7.1496;23.832;0.3;0.462;23.1;0.5892000000000001;29.46;0.02;6.7787;12.79;10.8491;20.47;0.53;0.6404000000000001;64.04;0.6111;61.11;0.01;0.06480000000000001;0.81;0.9064;11.33;0.08
2005-01-01;Total;2.8219999999999996;3.32;16.4135;19.31;0.85;1.4014;10.78;3.5698000000000003;27.46;0.13;17.03;17.03;24.35;24.35;1.0;8.1816;19.48;11.9574;28.47;0.42;25.2116;17.754647887323944;36.3074;25.56859154929578;1.42;2.0262000000000002;18.42;3.6872000000000003;33.52;0.11;35.7742;11.11;76.47500000000001;23.75;3.22;3.4426;49.18;3.5952;51.36;0.07;0.8568000000000001;1.36;12.700800000000001;20.16;0.63
2005-01-01;Commuting;0.552;3.68;2.6625;17.75;0.15;0.43560000000000004;10.89;1.0328;25.82;0.04;5.3712;22.38;7.1136;29.64;0.24;0.8584;21.46;1.244;31.1;0.04;6.2296;22.24857142857143;8.3576;29.848571428571432;0.27999999999999997;0.8088;20.22;1.2087999999999999;30.22;0.04;9.144;15.24;15.024;25.04;0.6;1.2489000000000001;41.63;1.3008;43.36;0.03;0.052199999999999996;0.87;0.606;10.1;0.06
2005-01-01;Shopping;0.3629;1.91;2.299;12.1;0.19;0.17;8.5;0.503;25.15;0.02;1.5796;7.18;3.2076000000000002;14.58;0.22;0.8488;10.61;1.5552000000000001;19.44;0.08;2.4284;8.094666666666667;4.7628;15.876000000000001;0.3;0.058499999999999996;5.85;0.1638;16.38;0.01;3.3835;5.05;9.802100000000001;14.63;0.67;0.0;41.76;0.0;46.46;0.0;0.1305;0.87;1.8764999999999998;12.51;0.15
2005-01-01;Education;0.38480000000000003;2.96;2.0774;15.98;0.13;0.38130000000000003;12.71;0.8484;28.28;0.03;0.4546;22.73;0.5710000000000001;28.55;0.02;0.264;8.8;0.516;17.2;0.03;0.7186;14.372;1.0870000000000002;21.740000000000002;0.05;0.1267;12.67;0.3068;30.68;0.01;2.0039;6.91;5.2402999999999995;18.07;0.29;0.3837;38.37;0.4236;42.36;0.01;0.049;0.7;0.6552;9.36;0.07
2005-01-01;Leisure;1.2771000000000001;4.73;7.905600000000001;29.28;0.27;0.3273;10.91;0.9363;31.21;0.03;5.7275;19.75;8.262099999999998;28.49;0.29;5.115;23.25;7.2622;33.01;0.22;10.842500000000001;21.25980392156863;15.524299999999998;30.439803921568625;0.51;0.6086999999999999;20.29;1.443;48.1;0.03;14.622199999999998;12.94;35.685399999999994;31.58;1.13;1.2964;64.82;1.3644;68.22;0.02;0.5589;2.07;8.6724;32.12;0.27
2005-01-01;Other;0.2376;2.16;1.4157;12.87;0.11;0.193;9.65;0.5274;26.37;0.02;4.116;17.15;5.4864;22.86;0.24;1.062;21.24;1.3595000000000002;27.19;0.05;5.178000000000001;17.855172413793106;6.8459;23.606551724137933;0.29;0.4516;22.58;0.5808;29.04;0.02;6.552;12.6;10.5716;20.33;0.52;0.6342;63.42;0.6107;61.07;0.01;0.06559999999999999;0.82;0.8952;11.19;0.08
2006-01-01;Total;2.8552;3.32;16.3916;19.06;0.86;1.3312000000000002;10.24;3.5100000000000002;27.0;0.13;17.15;17.15;24.41;24.41;1.0;7.9417;19.37;11.5866;28.26;0.41;25.091700000000003;17.79553191489362;35.9966;25.529503546099292;1.41;2.0317;18.47;3.6179;32.89;0.11;35.8344;11.06;76.8204;23.71;3.24;3.4139000000000004;48.77;3.5329;50.47;0.07;0.9099999999999999;1.4;13.4745;20.73;0.65
2006-01-01;Commuting;0.555;3.7;2.6505;17.67;0.15;0.4132;10.33;1.012;25.3;0.04;5.635;22.54;7.4425;29.77;0.25;0.6402;21.34;0.9237;30.79;0.03;6.2752;22.41142857142857;8.3662;29.879285714285707;0.28;0.8251999999999999;20.63;1.1812;29.53;0.04;9.3696;15.36;15.2683;25.03;0.61;1.2431999999999999;41.44;1.278;42.6;0.03;0.0528;0.88;0.63;10.5;0.06
2006-01-01;Shopping;0.3648;1.92;2.2648;11.92;0.19;0.1606;8.03;0.49520000000000003;24.76;0.02;1.584;7.2;3.1944;14.52;0.22;0.8504;10.63;1.5472000000000001;19.34;0.08;2.4344000000000006;8.114666666666668;4.7416;15.805333333333333;0.3;0.0575;5.75;0.1555;15.55;0.01;3.3634;5.02;9.6815;14.45;0.67;0.0;41.57;0.0;46.14;0.0;0.1218;0.87;1.7248;12.32;0.14
2006-01-01;Education;0.3874;2.98;2.0618;15.86;0.13;0.3519;11.73;0.8372999999999999;27.91;0.03;0.4612;23.06;0.5796;28.98;0.02;0.26099999999999995;8.7;0.5138999999999999;17.13;0.03;0.7222;14.443999999999999;1.0935;21.869999999999997;0.05;0.12869999999999998;12.87;0.3094;30.94;0.01;2.061;6.87;5.396999999999999;17.99;0.3;0.3835;38.35;0.42110000000000003;42.11;0.01;0.049;0.7;0.6461000000000001;9.23;0.07
2006-01-01;Leisure;1.2852000000000001;4.76;7.8786000000000005;29.18;0.27;0.3243;10.81;0.9194999999999999;30.65;0.03;5.5804;19.93;8.010800000000001;28.61;0.28;4.9035;23.35;6.9279;32.99;0.21;10.4839;21.395714285714288;14.9387;30.48714285714286;0.49;0.5871;19.57;1.4048999999999998;46.83;0.03;14.313600000000001;12.78;35.6272;31.81;1.12;1.2904;64.52;1.3397999999999999;66.99;0.02;0.5992000000000001;2.14;9.256800000000002;33.06;0.28
2006-01-01;Other;0.2616;2.18;1.5288;12.74;0.12;0.0897;8.97;0.25989999999999996;25.99;0.01;4.0704;16.96;5.4504;22.71;0.24;1.2335999999999998;20.56;1.6092;26.82;0.06;5.304000000000001;17.680000000000003;7.0596;23.532;0.3;0.4636;23.18;0.5738000000000001;28.69;0.02;6.7122;12.43;10.8648;20.12;0.54;0.626;62.6;0.6022;60.22;0.01;0.06480000000000001;0.81;0.88;11.0;0.08
2007-01-01;Total;2.856;3.36;16.388;19.28;0.85;1.3143;10.11;3.5217;27.09;0.13;17.3922;17.22;24.7854;24.54;1.01;7.728000000000001;19.32;11.312000000000001;28.28;0.4;25.1202;17.81574468085106;36.0974;25.600992907801416;1.4100000000000001;1.9546999999999999;17.77;3.6938;33.58;0.11;35.5047;11.13;76.3367;23.93;3.19;3.3999;48.57;3.5182;50.26;0.07;0.9008999999999999;1.43;13.3119;21.13;0.63
2007-01-01;Commuting;0.558;3.72;2.6654999999999998;17.77;0.15;0.4072;10.18;1.02;25.5;0.04;5.6575;22.63;7.475;29.9;0.25;0.6396;21.32;0.9225;30.75;0.03;6.2970999999999995;22.489642857142854;8.397499999999999;29.991071428571423;0.28;0.8212;20.53;1.1896;29.74;0.04;9.5099;15.59;15.4086;25.26;0.61;1.2408;41.36;1.2741;42.47;0.03;0.0528;0.88;0.6198;10.33;0.06
2007-01-01;Shopping;0.34919999999999995;1.94;2.1473999999999998;11.93;0.18;0.1636;8.18;0.4954;24.77;0.02;1.533;7.3;3.0534;14.54;0.21;0.8736;10.92;1.5519999999999998;19.4;0.08;2.4066;8.298620689655174;4.6053999999999995;15.880689655172413;0.29;0.059699999999999996;5.97;0.15630000000000002;15.63;0.01;3.3024;5.16;9.2864;14.51;0.64;0.4155;41.55;0.46130000000000004;46.13;0.01;0.1131;0.87;1.6029;12.33;0.13
2007-01-01;Education;0.39;3.0;2.0683000000000002;15.91;0.13;0.3573;11.91;0.8436;28.12;0.03;0.46520000000000006;23.26;0.5886;29.43;0.02;0.2547;8.49;0.5067;16.89;0.03;0.7199;14.398;1.0953;21.906;0.05;0.1303;13.03;0.3123;31.23;0.01;2.064;6.88;5.4239999999999995;18.08;0.3;0.3846;38.46;0.4219;42.19;0.01;0.0497;0.71;0.6489;9.27;0.07
2007-01-01;Leisure;1.296;4.8;7.9623;29.49;0.27;0.3072;10.24;0.9156;30.52;0.03;5.4270000000000005;20.1;7.765200000000001;28.76;0.27;4.895099999999999;23.31;6.934200000000001;33.02;0.21;10.322099999999999;21.504375;14.6994;30.62375;0.48;0.5540999999999999;18.47;1.4573999999999998;48.58;0.03;14.014000000000001;12.74;35.255;32.05;1.1;1.2832;64.16;1.3302;66.51;0.02;0.6076;2.17;9.346400000000001;33.38;0.28
2007-01-01;Other;0.264;2.2;1.5443999999999998;12.87;0.12;0.0874;8.74;0.259;25.9;0.01;4.1725;16.69;5.6825;22.73;0.25;1.194;19.9;1.6032;26.72;0.06;5.3665;17.311290322580646;7.2857;23.50225806451613;0.31;0.40840000000000004;20.42;0.583;29.15;0.02;6.615;12.25;10.940400000000002;20.26;0.54;0.6244;62.44;0.6009000000000001;60.09;0.01;0.0672;0.84;0.908;11.35;0.08
2008-01-01;Total;2.8305;3.33;16.0395;18.87;0.85;1.2987;9.99;3.4944;26.88;0.13;16.9389;17.11;24.1659;24.41;0.99;7.3632;18.88;10.9083;27.97;0.39;24.3021;17.61021739130435;35.074200000000005;25.416086956521745;1.38;1.8436000000000001;16.76;3.4749;31.59;0.11;34.444;10.9;73.9756;23.41;3.16;3.4090000000000007;48.7;3.5133;50.19;0.07;0.8505;1.35;12.6252;20.04;0.63
2008-01-01;Commuting;0.5936;3.71;2.7792000000000003;17.37;0.16;0.3948;9.87;1.0031999999999999;25.08;0.04;5.8500000000000005;22.5;7.6986;29.61;0.26;0.6213;20.71;0.9036;30.12;0.03;6.4713;22.314827586206896;8.6022;29.66275862068965;0.29000000000000004;0.7756000000000001;19.39;1.1568;28.92;0.04;9.3682;15.11;15.221;24.55;0.62;1.2543;41.81;1.2839999999999998;42.8;0.03;0.05600000000000001;0.8;0.6398000000000001;9.14;0.07
2008-01-01;Shopping;0.3474;1.93;2.1402;11.89;0.18;0.1558;7.79;0.49340000000000006;24.67;0.02;1.4993999999999998;7.14;3.0366;14.46;0.21;0.7182000000000001;10.26;1.3433000000000002;19.19;0.07;2.2176;7.919999999999999;4.3799;15.642499999999998;0.28;0.0477;4.77;0.14980000000000002;14.98;0.01;3.136;4.9;9.120000000000001;14.25;0.64;0.41990000000000005;41.99;0.4667;46.67;0.01;0.11620000000000001;0.83;1.6394000000000002;11.71;0.14
2008-01-01;Education;0.3913;3.01;2.0696;15.92;0.13;0.35579999999999995;11.86;0.8474999999999999;28.25;0.03;0.4648;23.24;0.5938;29.69;0.02;0.24630000000000002;8.21;0.5015999999999999;16.72;0.03;0.7111000000000001;14.222000000000001;1.0954;21.907999999999998;0.05;0.12630000000000002;12.63;0.30100000000000005;30.1;0.01;1.9894;6.86;5.2084;17.96;0.29;0.38670000000000004;38.67;0.4239;42.39;0.01;0.04760000000000001;0.68;0.6111000000000001;8.73;0.07
2008-01-01;Leisure;1.2402;4.77;7.5607999999999995;29.08;0.26;0.3111;10.37;0.9054;30.18;0.03;5.3865;19.95;7.713900000000001;28.57;0.27;4.5920000000000005;22.96;6.552;32.76;0.2;9.9785;21.230851063829785;14.2659;30.352978723404252;0.47000000000000003;0.5292;17.64;1.3131000000000002;43.77;0.03;13.440800000000001;12.68;33.5066;31.61;1.06;1.2906;64.53;1.3248;66.24;0.02;0.5670000000000001;2.1;8.9019;32.97;0.27
2008-01-01;Other;0.2664;2.22;1.5288;12.74;0.12;0.0885;8.85;0.2582;25.82;0.01;3.9504;16.46;5.4072000000000005;22.53;0.24;1.1693999999999998;19.49;1.5828;26.38;0.06;5.1198;17.066;6.99;23.3;0.3;0.37979999999999997;18.99;0.5652;28.26;0.02;6.3828000000000005;11.82;10.6866;19.79;0.54;0.6269;62.69;0.6009000000000001;60.09;0.01;0.0632;0.79;0.8512000000000001;10.64;0.08
2009-01-01;Total;2.924;3.4;16.5722;19.27;0.86;1.3078;10.06;3.5113000000000003;27.01;0.13;17.29;17.29;24.56;24.56;1.0;7.4529;19.11;10.923900000000001;28.01;0.39;24.7429;17.800647482014387;35.4839;25.52798561151079;1.3900000000000001;1.7776;16.16;3.498;31.8;0.11;34.9943;10.97;75.3159;23.61;3.19;3.4174;48.82;3.5378000000000003;50.54;0.07;0.8959999999999999;1.4;12.9344;20.21;0.64
2009-01-01;Commuting;0.6;3.75;2.8207999999999998;17.63;0.16;0.4008;10.02;1.0116;25.29;0.04;5.705;22.82;7.4675;29.87;0.25;0.6261;20.87;0.9036;30.12;0.03;6.3311;22.611071428571428;8.3711;29.896785714285713;0.28;0.7424;18.56;1.1344;28.36;0.04;9.2964;15.24;15.0853;24.73;0.61;1.2531;41.77;1.2914999999999999;43.05;0.03;0.05670000000000001;0.81;0.6503;9.29;0.07
2009-01-01;Shopping;0.3528;1.96;2.133;11.85;0.18;0.1492;7.46;0.48700000000000004;24.35;0.02;1.5309;7.29;3.0513;14.53;0.21;0.7378;10.54;1.3475000000000001;19.25;0.07;2.2687;8.1025;4.3988;15.709999999999997;0.28;0.053200000000000004;5.32;0.14830000000000002;14.83;0.01;3.15;5.0;9.0405;14.35;0.63;0.0;41.64;0.0;46.23;0.0;0.12320000000000002;0.88;1.7192;12.28;0.14
2009-01-01;Education;0.3913;3.01;2.0631;15.87;0.13;0.35369999999999996;11.79;0.8478;28.26;0.03;0.46880000000000005;23.44;0.6014;30.07;0.02;0.24509999999999998;8.17;0.5007;16.69;0.03;0.7139;14.277999999999999;1.1021;22.042;0.05;0.1217;12.17;0.299;29.9;0.01;1.9864999999999997;6.85;5.1735999999999995;17.84;0.29;0.3884;38.84;0.42810000000000004;42.81;0.01;0.046900000000000004;0.67;0.5838000000000001;8.34;0.07
2009-01-01;Leisure;1.3041;4.83;7.9731000000000005;29.53;0.27;0.3228;10.76;0.9135;30.45;0.03;5.4486;20.18;7.7598;28.74;0.27;4.662;23.31;6.56;32.8;0.2;10.1106;21.51191489361702;14.3198;30.467659574468083;0.47000000000000003;0.5025;16.75;1.3565999999999998;45.22;0.03;14.074800000000002;12.68;35.1426;31.66;1.11;1.2928;64.64;1.331;66.55;0.02;0.602;2.15;9.0832;32.44;0.28
2009-01-01;Other;0.27;2.25;1.536;12.8;0.12;0.0862;8.62;0.2585;25.85;0.01;3.96;16.5;5.426399999999999;22.61;0.24;1.1502000000000001;19.17;1.575;26.25;0.06;5.1102;17.034;7.001399999999999;23.337999999999997;0.3;0.371;18.55;0.5546;27.73;0.02;6.3936;11.84;10.719000000000001;19.85;0.54;0.6242;62.42;0.6016;60.16;0.01;0.0729;0.81;0.9629999999999999;10.7;0.09
2010-01-01;Total;2.8219999999999996;3.4;15.985800000000001;19.26;0.83;1.2662;9.74;3.4996000000000005;26.92;0.13;17.4;17.4;24.67;24.67;1.0;7.664000000000001;19.16;11.184000000000001;27.96;0.4;25.064;17.902857142857144;35.854;25.61;1.4;1.672;16.72;3.233;32.33;0.1;35.2458;10.98;75.6918;23.58;3.21;3.3922000000000003;48.46;3.5154;50.22;0.07;0.9384;1.38;13.511600000000001;19.87;0.68
2010-01-01;Commuting;0.5685;3.79;2.67;17.8;0.15;0.3876;9.69;1.0092;25.23;0.04;5.9852;23.02;7.802600000000001;30.01;0.26;0.6296999999999999;20.99;0.9006;30.02;0.03;6.6149;22.809999999999995;8.7032;30.01103448275862;0.29000000000000004;0.7996;19.99;1.18;29.5;0.04;9.6579;15.33;15.6177;24.79;0.63;1.2489000000000001;41.63;1.2935999999999999;43.12;0.03;0.0664;0.83;0.7624;9.53;0.08
2010-01-01;Shopping;0.35459999999999997;1.97;2.1708;12.06;0.18;0.1504;7.52;0.4932;24.66;0.02;1.5518999999999998;7.39;3.0827999999999998;14.68;0.21;0.868;10.85;1.5536;19.42;0.08;2.4198999999999997;8.344482758620689;4.6364;15.987586206896554;0.29;0.057800000000000004;5.78;0.1653;16.53;0.01;3.2955;5.07;9.4055;14.47;0.65;0.0;41.56;0.0;46.59;0.0;0.129;0.86;1.8014999999999999;12.01;0.15
2010-01-01;Education;0.3926;3.02;2.0540000000000003;15.8;0.13;0.34199999999999997;11.4;0.8388;27.96;0.03;0.47340000000000004;23.67;0.6092000000000001;30.46;0.02;0.2625;8.75;0.5175;17.25;0.03;0.7359;14.718;1.1267;22.534;0.05;0.1191;11.91;0.2977;29.77;0.01;2.064;6.88;5.355;17.85;0.3;0.387;38.7;0.42229999999999995;42.23;0.01;0.0483;0.69;0.6125;8.75;0.07
2010-01-01;Leisure;1.2558;4.83;7.6648000000000005;29.48;0.26;0.3063;10.21;0.9063;30.21;0.03;5.470200000000001;20.26;7.765200000000001;28.76;0.27;4.686;23.43;6.568000000000001;32.84;0.2;10.156200000000002;21.60893617021277;14.333200000000001;30.496170212765957;0.47000000000000003;0.4854;16.18;1.326;44.2;0.03;13.7885;12.65;34.389500000000005;31.55;1.09;1.2862;64.31;1.3222;66.11;0.02;0.6206;2.14;9.3003;32.07;0.29
2010-01-01;Other;0.2486;2.26;1.4234;12.94;0.11;0.0842;8.42;0.25989999999999996;25.99;0.01;3.9575999999999993;16.49;5.4528;22.72;0.24;1.1634;19.39;1.5857999999999999;26.43;0.06;5.1209999999999996;17.07;7.0386;23.462;0.3;0.391;19.55;0.5896;29.48;0.02;6.3282;11.94;10.6583;20.11;0.53;0.624;62.4;0.6035;60.35;0.01;0.07379999999999999;0.82;0.9998999999999999;11.11;0.09
2011-01-01;Total;2.924;3.44;16.5835;19.51;0.85;1.2506;9.62;3.5009;26.93;0.13;17.2563;17.79;24.0657;24.81;0.97;7.038;19.55;10.0836;28.01;0.36;24.294299999999996;18.266390977443606;34.1493;25.67616541353383;1.33;1.9679;17.89;3.6322000000000005;33.02;0.11;34.7007;11.23;73.6347;23.83;3.09;3.3852;48.36;3.5070000000000006;50.1;0.07;0.8601;1.41;12.4257;20.37;0.61
2011-01-01;Commuting;0.6112;3.82;2.8432;17.77;0.16;0.38439999999999996;9.61;1.01;25.25;0.04;6.0762;23.37;7.8104000000000005;30.04;0.26;0.4266;21.33;0.6;30.0;0.02;6.5028;23.22428571428571;8.410400000000001;30.037142857142857;0.28;0.826;20.65;1.1772;29.43;0.04;9.6596;15.58;15.419400000000001;24.87;0.62;1.2459;41.53;1.2825;42.75;0.03;0.0574;0.82;0.6664;9.52;0.07
2011-01-01;Shopping;0.33830000000000005;1.99;2.0502000000000002;12.06;0.17;0.15080000000000002;7.54;0.4964;24.82;0.02;1.502;7.51;2.936;14.68;0.2;0.7784;11.12;1.3615000000000002;19.45;0.07;2.2804;8.445925925925927;4.2975;15.916666666666666;0.27;0.0558;5.58;0.1595;15.95;0.01;3.1353999999999997;5.14;8.796199999999999;14.42;0.61;0.4157;41.57;0.4668;46.68;0.01;0.1118;0.86;1.5353;11.81;0.13
2011-01-01;Education;0.427;3.05;2.233;15.95;0.14;0.33599999999999997;11.2;0.8396999999999999;27.99;0.03;0.4826;24.13;0.6212;31.06;0.02;0.25349999999999995;8.45;0.5067;16.89;0.03;0.7361;14.722;1.1279;22.557999999999996;0.05;0.1307;13.07;0.298;29.8;0.01;2.076;6.92;5.388;17.96;0.3;0.38799999999999996;38.8;0.4276;42.76;0.01;0.04760000000000001;0.68;0.5873;8.39;0.07
2011-01-01;Leisure;1.2713999999999999;4.89;7.865;30.25;0.26;0.3039;10.13;0.9057;30.19;0.03;5.421;20.85;7.5686;29.11;0.26;4.5409999999999995;23.9;6.2434;32.86;0.19;9.962;22.137777777777778;13.812000000000001;30.693333333333335;0.45;0.5547;18.49;1.4297999999999997;47.66;0.03;13.6395;12.99;33.8205;32.21;1.05;1.2766;63.83;1.3138;65.69;0.02;0.5913;2.19;8.9505;33.15;0.27
2011-01-01;Other;0.25079999999999997;2.28;1.4157;12.87;0.11;0.07980000000000001;7.98;0.2564;25.64;0.01;3.8387000000000007;16.69;5.2026;22.62;0.23;0.9725;19.45;1.3085000000000002;26.17;0.05;4.8112;17.18285714285714;6.5111;23.25392857142857;0.28;0.42960000000000004;21.48;0.5878;29.39;0.02;6.2169;12.19;10.2102;20.02;0.51;0.6192000000000001;61.92;0.5970000000000001;59.7;0.01;0.05600000000000001;0.8;0.7406;10.58;0.07
2012-01-01;Total;2.9842;3.47;16.8216;19.56;0.86;1.1316;9.43;3.2123999999999997;26.77;0.12;17.365599999999997;17.72;24.2844;24.78;0.98;6.9408;19.28;10.0404;27.89;0.36;24.306399999999996;18.13910447761194;34.3248;25.615522388059706;1.3399999999999999;1.7550000000000001;17.55;3.2680000000000002;32.68;0.1;34.627;11.17;74.028;23.88;3.1;3.3831;48.33;3.5000000000000004;50.0;0.07;0.8723;1.43;12.736799999999999;20.88;0.61
2012-01-01;Commuting;0.6144;3.84;2.8207999999999998;17.63;0.16;0.3764;9.41;0.9968000000000001;24.92;0.04;6.089200000000001;23.42;7.7922;29.97;0.26;0.4202;21.01;0.5942000000000001;29.71;0.02;6.509400000000001;23.247857142857146;8.3864;29.95142857142857;0.28;0.7687999999999999;19.22;1.1016;27.54;0.04;9.5221;15.61;15.1036;24.76;0.61;1.2449999999999999;41.5;1.2818999999999998;42.73;0.03;0.049199999999999994;0.82;0.5771999999999999;9.62;0.06
2012-01-01;Shopping;0.35819999999999996;1.99;2.1528;11.96;0.18;0.1486;7.43;0.4866;24.33;0.02;1.554;7.4;3.0765;14.65;0.21;0.7560000000000001;10.8;1.3496000000000001;19.28;0.07;2.31;8.25;4.4261;15.807499999999997;0.28;0.0536;5.36;0.16090000000000002;16.09;0.01;3.1248;5.04;8.8536;14.28;0.62;0.0;41.81;0.0;46.57;0.0;0.1079;0.83;1.5145000000000002;11.65;0.13
2012-01-01;Education;0.3991;3.07;2.1008;16.16;0.13;0.33749999999999997;11.25;0.849;28.3;0.03;0.4844;24.22;0.6296;31.48;0.02;0.16140000000000002;8.07;0.3336;16.68;0.02;0.6458;16.145;0.9632000000000001;24.080000000000002;0.04;0.1219;12.19;0.2979;29.79;0.01;2.0357999999999996;7.02;5.2867;18.23;0.29;0.3901;39.01;0.4305;43.05;0.01;0.0402;0.67;0.4932;8.22;0.06
2012-01-01;Leisure;1.3257;4.91;8.116200000000001;30.06;0.27;0.2844;9.48;0.8874;29.58;0.03;5.589;20.7;7.8138000000000005;28.94;0.27;4.4707;23.53;6.2016;32.64;0.19;10.0597;21.86891304347826;14.0154;30.468260869565214;0.46;0.5903999999999999;19.68;1.4535;48.45;0.03;13.9212;12.89;34.7436;32.17;1.08;1.2722;63.61;1.304;65.2;0.02;0.5967;2.21;9.077399999999999;33.62;0.27
2012-01-01;Other;0.25079999999999997;2.28;1.4267;12.97;0.11;0.0805;8.05;0.25870000000000004;25.87;0.01;3.8203;16.61;5.2026;22.62;0.23;0.968;19.36;1.311;26.22;0.05;4.7883;17.101071428571426;6.513600000000001;23.262857142857143;0.28;0.4278;21.39;0.6076;30.38;0.02;5.995;11.99;10.02;20.04;0.5;0.6163000000000001;61.63;0.5912;59.12;0.01;0.06480000000000001;0.81;0.8904000000000001;11.13;0.08
2013-01-01;Total;2.94;3.5;16.4892;19.63;0.84;1.1088;9.24;3.1872;26.56;0.12;17.4636;17.82;24.245199999999997;24.74;0.98;7.244599999999999;19.58;10.3119;27.87;0.37;24.708199999999998;18.30237037037037;34.5571;25.59785185185185;1.35;1.7550000000000001;17.55;3.1980000000000004;31.98;0.1;35.006400000000006;11.22;73.85040000000001;23.67;3.12;3.3915000000000006;48.45;3.5091000000000006;50.13;0.07;0.8959999999999999;1.4;12.7232;19.88;0.64
2013-01-01;Commuting;0.6176;3.86;2.8160000000000003;17.6;0.16;0.36200000000000004;9.05;0.9872;24.68;0.04;6.162;23.7;7.7974;29.99;0.26;0.42119999999999996;21.06;0.5884;29.42;0.02;6.5832;23.511428571428567;8.3858;29.94928571428571;0.28;0.8323999999999999;20.81;1.1248;28.12;0.04;9.577;15.7;15.012099999999998;24.61;0.61;1.2435;41.45;1.2855;42.85;0.03;0.05670000000000001;0.81;0.6447000000000002;9.21;0.07
2013-01-01;Shopping;0.34;2.0;2.0247;11.91;0.17;0.14400000000000002;7.2;0.4864;24.32;0.02;1.5645;7.45;3.0744;14.64;0.21;0.7665000000000001;10.95;1.3524;19.32;0.07;2.331;8.325;4.4268;15.809999999999999;0.28;0.0547;5.47;0.15630000000000002;15.63;0.01;3.1371999999999995;5.06;8.8164;14.22;0.62;0.0;41.78;0.0;46.45;0.0;0.11340000000000001;0.81;1.6156;11.54;0.14
2013-01-01;Education;0.4043;3.11;2.1047000000000002;16.19;0.13;0.3282;10.94;0.8342999999999999;27.81;0.03;0.489;24.45;0.6344;31.72;0.02;0.2496;8.32;0.5057999999999999;16.86;0.03;0.7385999999999999;14.771999999999998;1.1401999999999999;22.803999999999995;0.05;0.1225;12.25;0.2865;28.65;0.01;2.0416;7.04;5.2664;18.16;0.29;0.3886;38.86;0.4238;42.38;0.01;0.04760000000000001;0.68;0.5845;8.35;0.07
2013-01-01;Leisure;1.3338;4.94;8.1297;30.11;0.27;0.28829999999999995;9.61;0.8844;29.48;0.03;5.6538;20.94;7.8165000000000004;28.95;0.27;4.822;24.11;6.5360000000000005;32.68;0.2;10.4758;22.288936170212764;14.352500000000001;30.53723404255319;0.47000000000000003;0.5549999999999999;18.5;1.3917;46.39;0.03;14.366000000000001;13.06;34.892;31.72;1.1;1.2782;63.91;1.3108000000000002;65.54;0.02;0.602;2.15;8.929200000000002;31.89;0.28
2013-01-01;Other;0.25079999999999997;2.28;1.4124;12.84;0.11;0.0789;7.89;0.2563;25.63;0.01;3.7674;16.38;5.152;22.4;0.23;0.9505000000000001;19.01;1.3005000000000002;26.01;0.05;4.7179;16.849642857142857;6.452500000000001;23.044642857142858;0.28;0.38680000000000003;19.34;0.5826;29.13;0.02;5.885;11.77;9.865;19.73;0.5;0.6203000000000001;62.03;0.5981000000000001;59.81;0.01;0.064;0.8;0.8368000000000001;10.46;0.08
2014-01-01;Total;3.0885;3.55;17.4348;20.04;0.87;1.1208;9.34;3.2123999999999997;26.77;0.12;17.430899999999998;17.97;24.1433;24.89;0.97;6.93;19.8;9.821;28.06;0.35;24.3609;18.455227272727274;33.9643;25.730530303030307;1.3199999999999998;1.9371;17.61;3.6982;33.62;0.11;35.1;11.25;75.348;24.15;3.12;3.8760000000000003;48.45;4.0088;50.11;0.08;0.9114;1.47;13.1936;21.28;0.62
2014-01-01;Commuting;0.624;3.9;2.8608;17.88;0.16;0.3716;9.29;0.9976;24.94;0.04;6.2504;24.04;7.8676;30.26;0.26;0.4288;21.44;0.5912;29.56;0.02;6.6792;23.854285714285712;8.4588;30.209999999999997;0.28;0.8523999999999999;21.31;1.2008;30.02;0.04;9.8146;15.83;15.4566;24.93;0.62;1.2384;41.28;1.275;42.5;0.03;0.05670000000000001;0.81;0.6741000000000001;9.63;0.07
2014-01-01;Shopping;0.36179999999999995;2.01;2.1456;11.92;0.18;0.1442;7.21;0.48479999999999995;24.24;0.02;1.5834;7.54;3.0848999999999998;14.69;0.21;0.7798000000000002;11.14;1.3573000000000002;19.39;0.07;2.3632;8.44;4.4422;15.864999999999997;0.28;0.0542;5.42;0.1583;15.83;0.01;3.1496;5.08;8.8474;14.27;0.62;0.0;41.7;0.0;46.28;0.0;0.1066;0.82;1.5379;11.83;0.13
2014-01-01;Education;0.441;3.15;2.31;16.5;0.14;0.33299999999999996;11.1;0.8432999999999999;28.11;0.03;0.2505;25.05;0.3229;32.29;0.01;0.16519999999999999;8.26;0.3348;16.74;0.02;0.41569999999999996;13.856666666666666;0.6577;21.923333333333332;0.03;0.141;14.1;0.3104;31.04;0.01;2.0677;7.13;5.3679;18.51;0.29;0.3891;38.91;0.4254;42.54;0.01;0.0402;0.67;0.5057999999999999;8.43;0.06
2014-01-01;Leisure;1.4028;5.01;8.680000000000001;31.0;0.28;0.285;9.5;0.8897999999999999;29.66;0.03;5.7591;21.33;7.9272;29.36;0.27;4.6569;24.51;6.2700000000000005;33.0;0.19;10.416;22.643478260869564;14.1972;30.863478260869567;0.46;0.5532;18.44;1.4784;49.28;0.03;14.552100000000001;13.11;36.3081;32.71;1.11;1.2716;63.58;1.3084;65.42;0.02;0.6583;2.27;9.8281;33.89;0.29
2014-01-01;Other;0.2486;2.26;1.3959;12.69;0.11;0.0772;7.72;0.254;25.4;0.01;3.5244;16.02;4.8708;22.14;0.22;0.9295;18.59;1.2935;25.87;0.05;4.4539;16.495925925925924;6.1643;22.83074074074074;0.27;0.3636;18.18;0.5736;28.68;0.02;5.539199999999999;11.54;9.3744;19.53;0.48;0.6196;61.96;0.5921000000000001;59.21;0.01;0.05460000000000001;0.78;0.7126;10.18;0.07
2015-01-01;Total;3.0072;3.58;16.808400000000002;20.01;0.84;1.0932;9.11;3.1776;26.48;0.12;17.185499999999998;18.09;23.636;24.88;0.95;6.718400000000001;19.76;9.445200000000002;27.78;0.34;23.903900000000004;18.53015503875969;33.0812;25.644341085271318;1.29;1.8239999999999998;18.24;3.3090000000000006;33.09;0.1;34.3676;11.38;73.05380000000001;24.19;3.02;3.8608;48.26;3.9624;49.53;0.08;0.8732;1.48;12.785300000000001;21.67;0.59
2015-01-01;Commuting;0.6288;3.93;2.8656;17.91;0.16;0.3608;9.02;0.9912000000000001;24.78;0.04;6.0625;24.25;7.5625;30.25;0.25;0.4314;21.57;0.5886;29.43;0.02;6.4939;24.05148148148148;8.1511;30.189259259259256;0.27;0.86;21.5;1.1723999999999999;29.31;0.04;9.588;15.98;14.915999999999999;24.86;0.6;1.2393;41.31;1.2677999999999998;42.26;0.03;0.05460000000000001;0.78;0.6517000000000001;9.31;0.07
2015-01-01;Shopping;0.3636;2.02;2.1402;11.89;0.18;0.1402;7.01;0.4786;23.93;0.02;1.5834;7.54;3.0974999999999997;14.75;0.21;0.7714000000000001;11.02;1.3538000000000001;19.34;0.07;2.3547999999999996;8.409999999999998;4.4513;15.897499999999997;0.28;0.0534;5.34;0.1582;15.82;0.01;3.1353999999999997;5.14;8.796199999999999;14.42;0.61;0.0;41.65;0.0;45.88;0.0;0.1105;0.85;1.6042;12.34;0.13
2015-01-01;Education;0.41340000000000005;3.18;2.1359;16.43;0.13;0.324;10.8;0.8337;27.79;0.03;0.5002000000000001;25.01;0.6474;32.37;0.02;0.16579999999999998;8.29;0.3372;16.86;0.02;0.6660000000000001;16.650000000000002;0.9845999999999999;24.615;0.04;0.1333;13.33;0.2974;29.74;0.01;2.1111999999999997;7.28;5.3591999999999995;18.48;0.29;0.7818;39.09;0.8470000000000001;42.35;0.02;0.0396;0.66;0.4848;8.08;0.06
2015-01-01;Leisure;1.4056;5.02;8.593200000000001;30.69;0.28;0.2817;9.39;0.8765999999999999;29.22;0.03;5.592600000000001;21.51;7.631;29.35;0.26;4.4352;24.64;5.8932;32.74;0.18;10.027800000000001;22.790454545454548;13.5242;30.736818181818183;0.44;0.5771999999999999;19.24;1.4547;48.49;0.03;14.134700000000002;13.21;35.063900000000004;32.77;1.07;1.2638;63.19;1.2804;64.02;0.02;0.6183000000000001;2.29;9.390600000000001;34.78;0.27
2015-01-01;Other;0.225;2.25;1.2630000000000001;12.63;0.1;0.0737;7.37;0.25129999999999997;25.13;0.01;3.3914999999999997;16.15;4.6494;22.14;0.21;0.932;18.64;1.2825;25.65;0.05;4.3235;16.628846153846155;5.9319;22.814999999999998;0.26;0.20940000000000003;20.94;0.29760000000000003;29.76;0.01;5.3685;11.93;8.865;19.7;0.45;0.6148;61.48;0.5914;59.14;0.01;0.0462;0.77;0.5982000000000001;9.97;0.06
2016-01-01;Total;2.9356;3.58;16.3262;19.91;0.82;1.0812;9.01;3.1536;26.28;0.12;16.9074;18.18;23.175600000000003;24.92;0.93;6.6538;19.57;9.3976;27.64;0.34;23.5612;18.55212598425197;32.5732;25.648188976377952;1.27;1.7120000000000002;17.12;3.2090000000000005;32.09;0.1;33.852799999999995;11.36;71.7584;24.08;2.98;3.88;48.5;3.972;49.65;0.08;0.8554999999999999;1.45;12.625999999999998;21.4;0.59
2016-01-01;Commuting;0.632;3.95;2.864;17.9;0.16;0.36;9.0;0.9868000000000001;24.67;0.04;6.0875;24.35;7.585;30.34;0.25;0.4276;21.38;0.5874;29.37;0.02;6.5151;24.13;8.1724;30.268148148148146;0.27;0.8212;20.53;1.1616;29.04;0.04;9.7356;15.96;15.1829;24.89;0.61;1.2447;41.49;1.2714;42.38;0.03;0.05460000000000001;0.78;0.6699;9.57;0.07
2016-01-01;Shopping;0.34340000000000004;2.02;1.9941000000000002;11.73;0.17;0.0699;6.99;0.23920000000000002;23.92;0.01;1.5;7.5;2.92;14.6;0.2;0.7679000000000001;10.97;1.3447000000000002;19.21;0.07;2.2679;8.39962962962963;4.2647;15.795185185185186;0.27;0.045599999999999995;4.56;0.1462;14.62;0.01;3.0359999999999996;5.06;8.448;14.08;0.6;0.0;41.96;0.0;46.46;0.0;0.1053;0.81;1.4820000000000002;11.4;0.13
2016-01-01;Education;0.4494;3.21;2.3198000000000003;16.57;0.14;0.3168;10.56;0.8265;27.55;0.03;0.506;25.3;0.6552;32.76;0.02;0.2538;8.46;0.5117999999999999;17.06;0.03;0.7598;15.196;1.1669999999999998;23.339999999999996;0.05;0.1294;12.94;0.2945;29.45;0.01;2.1140999999999996;7.29;5.3998;18.62;0.29;0.7814;39.07;0.8444;42.22;0.02;0.0396;0.66;0.5057999999999999;8.43;0.06
2016-01-01;Leisure;1.3581;5.03;8.270100000000001;30.63;0.27;0.2745;9.15;0.8631;28.77;0.03;5.5822;21.47;7.5998;29.23;0.26;4.3668000000000005;24.26;5.841;32.45;0.18;9.949000000000002;22.61136363636364;13.4408;30.547272727272727;0.44;0.5478000000000001;18.26;1.4003999999999999;46.68;0.03;13.9814;13.19;34.5242;32.57;1.06;1.2704000000000002;63.52;1.2864;64.32;0.02;0.6075;2.25;9.2988;34.44;0.27
2016-01-01;Other;0.2016;2.24;1.1259;12.51;0.09;0.0745;7.45;0.25010000000000004;25.01;0.01;3.224;16.12;4.414000000000001;22.07;0.2;0.7472;18.68;1.0264;25.66;0.04;3.9712000000000005;16.546666666666667;5.4404;22.668333333333333;0.24000000000000002;0.18510000000000001;18.51;0.28690000000000004;28.69;0.01;5.117;11.9;8.449499999999999;19.65;0.43;0.6145;61.45;0.584;58.4;0.01;0.0462;0.77;0.6053999999999999;10.09;0.06
2017-01-01;Total;2.9241;3.61;16.119;19.9;0.81;1.0643999999999998;8.87;3.1271999999999998;26.06;0.12;17.065500000000004;18.35;23.2314;24.98;0.93;6.5142;19.74;9.084900000000001;27.53;0.33;23.5797;18.71404761904762;32.3163;25.64785714285714;1.26;1.7600000000000002;17.6;3.168;31.68;0.1;34.0135;11.53;71.09500000000001;24.1;2.95;3.8512;48.14;3.9288;49.11;0.08;0.8525999999999999;1.47;12.469999999999999;21.5;0.58
2017-01-01;Commuting;0.6384000000000001;3.99;2.8976;18.11;0.16;0.3456;8.64;0.9816;24.54;0.04;6.3882;24.57;7.919600000000001;30.46;0.26;0.42979999999999996;21.49;0.5858;29.29;0.02;6.818;24.349999999999998;8.505400000000002;30.376428571428573;0.28;0.8987999999999999;22.47;1.2228;30.57;0.04;10.0192;16.16;15.5682;25.11;0.62;1.236;41.2;1.2632999999999999;42.11;0.03;0.05670000000000001;0.81;0.7091000000000002;10.13;0.07
2017-01-01;Shopping;0.34680000000000005;2.04;1.9992;11.76;0.17;0.0687;6.87;0.2353;23.53;0.01;1.542;7.71;2.9480000000000004;14.74;0.2;0.6821999999999999;11.37;1.1543999999999999;19.24;0.06;2.2241999999999997;8.554615384615383;4.1024;15.778461538461539;0.26;0.0525;5.25;0.1475;14.75;0.01;3.0738999999999996;5.21;8.3957;14.23;0.59;0.0;41.65;0.0;46.04;0.0;0.1079;0.83;1.5418;11.86;0.13
2017-01-01;Education;0.4212;3.24;2.1814;16.78;0.13;0.3087;10.29;0.8196;27.32;0.03;0.25730000000000003;25.73;0.332;33.2;0.01;0.167;8.35;0.3372;16.86;0.02;0.4243;14.143333333333334;0.6692;22.30666666666667;0.03;0.13460000000000003;13.46;0.2958;29.58;0.01;2.044;7.3;5.264000000000001;18.8;0.28;0.7782;38.91;0.8372;41.86;0.02;0.041999999999999996;0.7;0.5376000000000001;8.96;0.06
2017-01-01;Leisure;1.313;5.05;7.8702000000000005;30.27;0.26;0.279;9.3;0.8505;28.35;0.03;5.6004;21.54;7.5712;29.12;0.26;4.3919999999999995;24.4;5.8086;32.27;0.18;9.9924;22.71;13.3798;30.40863636363636;0.44;0.498;16.6;1.2921;43.07;0.03;13.7505;13.35;33.3617;32.39;1.03;1.266;63.3;1.2684;63.42;0.02;0.6006;2.31;9.063600000000001;34.86;0.26
2017-01-01;Other;0.20249999999999999;2.25;1.1321999999999999;12.58;0.09;0.0757;7.57;0.2531;25.31;0.01;3.2340000000000004;16.17;4.418;22.09;0.2;0.7472;18.68;1.026;25.65;0.04;3.9812000000000007;16.588333333333335;5.444;22.68333333333333;0.24000000000000002;0.1912;19.12;0.2857;28.57;0.01;5.1299;11.93;8.4624;19.68;0.43;0.6127;61.27;0.5826;58.26;0.01;0.0456;0.76;0.6102;10.17;0.06
2018-01-01;Total;3.1025;3.65;17.085;20.1;0.85;1.0343999999999998;8.62;3.1284;26.07;0.12;17.6605;18.59;23.7785;25.03;0.95;6.5868;19.96;9.0915;27.55;0.33;24.2473;18.943203125;32.870000000000005;25.679687500000004;1.28;1.836;18.36;3.3040000000000003;33.04;0.1;35.1424;11.56;73.3552;24.13;3.04;3.8448;48.06;3.9352;49.19;0.08;0.894;1.49;12.768;21.28;0.6
2018-01-01;Commuting;0.6817;4.01;3.0668;18.04;0.17;0.3404;8.51;0.9804;24.51;0.04;6.696000000000001;24.8;8.208;30.4;0.27;0.4302;21.51;0.5804;29.02;0.02;7.126200000000001;24.573103448275862;8.7884;30.30482758620689;0.29000000000000004;0.914;22.85;1.2348000000000001;30.87;0.04;10.3232;16.13;15.9296;24.89;0.64;1.2377999999999998;41.26;1.2687;42.29;0.03;0.062400000000000004;0.78;0.7568000000000001;9.46;0.08
2018-01-01;Shopping;0.3485;2.05;2.023;11.9;0.17;0.0669;6.69;0.23800000000000002;23.8;0.01;1.542;7.71;2.962;14.81;0.2;0.7952;11.36;1.3552000000000002;19.36;0.07;2.3372;8.656296296296297;4.317200000000001;15.989629629629631;0.27;0.0535;5.35;0.1616;16.16;0.01;3.0738999999999996;5.21;8.407499999999999;14.25;0.59;0.0;41.62;0.0;46.33;0.0;0.1053;0.81;1.4885;11.45;0.13
2018-01-01;Education;0.4212;3.24;2.1658;16.66;0.13;0.31229999999999997;10.41;0.822;27.4;0.03;0.5114;25.57;0.6631999999999999;33.16;0.02;0.1648;8.24;0.33659999999999995;16.83;0.02;0.6761999999999999;16.904999999999998;0.9997999999999998;24.994999999999994;0.04;0.11710000000000001;11.71;0.2781;27.81;0.01;2.0496000000000003;7.32;5.2304;18.68;0.28;0.7859999999999999;39.3;0.8476;42.38;0.02;0.0402;0.67;0.5064;8.44;0.06
2018-01-01;Leisure;1.4336000000000002;5.12;8.6464;30.88;0.28;0.25589999999999996;8.53;0.8508;28.36;0.03;5.7382;22.07;7.6258;29.33;0.26;4.4748;24.86;5.823;32.35;0.18;10.213000000000001;23.21136363636364;13.4488;30.565454545454546;0.44;0.597;19.9;1.4475;48.25;0.03;14.3701;13.43;34.9355;32.65;1.07;1.249;62.45;1.258;62.9;0.02;0.6552;2.34;9.646000000000003;34.45;0.28
2018-01-01;Other;0.22599999999999998;2.26;1.241;12.41;0.1;0.0728;7.28;0.24739999999999998;24.74;0.01;3.3747;16.07;4.5885;21.85;0.21;0.7415999999999999;18.54;1.016;25.4;0.04;4.1163;16.4652;5.6045;22.418;0.25;0.1796;17.96;0.27390000000000003;27.39;0.01;5.2155000000000005;11.59;8.658;19.24;0.45;0.6107;61.07;0.5793;57.93;0.01;0.0462;0.77;0.6;10.0;0.06
2019-01-01;Total;3.0094;3.67;16.621399999999998;20.27;0.82;1.0248;8.54;3.1176;25.98;0.12;17.465199999999996;18.58;23.5;25.0;0.94;6.438400000000001;20.12;8.8352;27.61;0.32;23.903599999999997;18.97111111111111;32.3352;25.662857142857142;1.26;1.7890000000000001;17.89;3.2;32.0;0.1;34.54110000000001;11.63;71.8443;24.19;2.97;3.8512;48.14;3.9448000000000003;49.31;0.08;0.8642;1.49;12.365599999999999;21.32;0.58
2019-01-01;Commuting;0.648;4.05;2.8848000000000003;18.03;0.16;0.336;8.4;0.968;24.2;0.04;6.245;24.98;7.6025;30.41;0.25;0.4282;21.41;0.5770000000000001;28.85;0.02;6.6732000000000005;24.715555555555557;8.1795;30.294444444444444;0.27;0.8623999999999999;21.56;1.1828;29.57;0.04;9.8454;16.14;15.1402;24.82;0.61;1.2402;41.34;1.2702;42.34;0.03;0.05530000000000001;0.79;0.6734;9.62;0.07
2019-01-01;Shopping;0.3296;2.06;1.9040000000000001;11.9;0.16;0.0655;6.55;0.2365;23.65;0.01;1.554;7.77;2.9640000000000004;14.82;0.2;0.6965999999999999;11.61;1.161;19.35;0.06;2.2506;8.656153846153845;4.125;15.865384615384615;0.26;0.0556;5.56;0.1612;16.12;0.01;3.0494999999999997;5.35;8.1624;14.32;0.57;0.0;41.5;0.0;46.04;0.0;0.096;0.8;1.3836;11.53;0.12
2019-01-01;Education;0.4238;3.26;2.1684;16.68;0.13;0.3015;10.05;0.8109;27.03;0.03;0.2584;25.84;0.3335;33.35;0.01;0.1616;8.08;0.33140000000000003;16.57;0.02;0.42000000000000004;14.000000000000002;0.6649;22.163333333333334;0.03;0.11960000000000001;11.96;0.2773;27.73;0.01;2.0384;7.28;5.210800000000001;18.61;0.28;0.7852;39.26;0.8414;42.07;0.02;0.0402;0.67;0.5022;8.37;0.06
2019-01-01;Leisure;1.3824;5.12;8.4186;31.18;0.27;0.2583;8.61;0.8534999999999999;28.45;0.03;5.7408;22.08;7.6466;29.41;0.26;4.5161999999999995;25.09;5.8446;32.47;0.18;10.257;23.311363636363634;13.4912;30.66181818181818;0.44;0.5952;19.84;1.3668;45.56;0.03;14.1645;13.49;34.240500000000004;32.61;1.05;1.2538;62.69;1.2670000000000001;63.35;0.02;0.6264;2.32;9.1638;33.94;0.27
2019-01-01;Other;0.22799999999999998;2.28;1.276;12.76;0.1;0.07440000000000001;7.44;0.2541;25.41;0.01;3.4208999999999996;16.29;4.6494;22.14;0.21;0.9345000000000001;18.69;1.2845000000000002;25.69;0.05;4.3553999999999995;16.75153846153846;5.9339;22.822692307692307;0.26;0.17850000000000002;17.85;0.289;28.9;0.01;5.328;11.84;8.838000000000001;19.64;0.45;0.6072;60.72;0.5801;58.01;0.01;0.0462;0.77;0.6042;10.07;0.06
2020-01-01;Total;2.5675000000000003;3.95;14.508000000000001;22.32;0.65;0.486;8.1;1.5419999999999998;25.7;0.06;12.695300000000001;16.07;17.814500000000002;22.55;0.79;4.3375;17.35;6.4575;25.83;0.25;17.0328;16.37769230769231;24.272000000000002;23.33846153846154;1.04;1.084;13.55;2.3784;29.73;0.08;24.0064;9.68;60.635999999999996;24.45;2.48;1.844;46.1;1.9404;48.51;0.04;1.1224;1.84;16.1101;26.41;0.61
2020-01-01;Commuting;0.4422;4.02;1.9965;18.15;0.11;0.1576;7.88;0.4804;24.02;0.02;4.2351;22.29;5.2021999999999995;27.38;0.19;0.1704;17.04;0.252;25.2;0.01;4.4055;22.0275;5.454199999999999;27.270999999999994;0.2;0.49110000000000004;16.37;0.7394999999999999;24.65;0.03;6.026999999999999;14.7;9.520199999999999;23.22;0.41;0.3876;38.76;0.4132;41.32;0.01;0.03;0.75;0.3724;9.31;0.04
2020-01-01;Shopping;0.3184;1.99;1.8368000000000002;11.48;0.16;0.0588;5.88;0.22390000000000002;22.39;0.01;1.344;6.72;2.612;13.06;0.2;0.46799999999999997;9.36;0.8445;16.89;0.05;1.812;7.248;3.4565;13.826;0.25;0.0418;4.18;0.1336;13.36;0.01;2.4680999999999997;4.33;7.2219;12.67;0.57;0.0;37.95;0.0;43.36;0.0;0.10010000000000001;0.77;1.3871;10.67;0.13
2020-01-01;Education;0.2672;3.34;1.3688;17.11;0.08;0.0986;9.86;0.2684;26.84;0.01;0.2589;25.89;0.33390000000000003;33.39;0.01;0.1526;7.63;0.3188;15.94;0.02;0.41150000000000003;13.716666666666669;0.6527000000000001;21.756666666666668;0.03;0.0928;9.28;0.25120000000000003;25.12;0.01;1.1339000000000001;6.67;3.1127;18.31;0.17;0.3655;36.55;0.4069;40.69;0.01;0.0195;0.65;0.2619;8.73;0.03
2020-01-01;Leisure;1.3552;6.16;8.318200000000001;37.81;0.22;0.0839;8.39;0.2911;29.11;0.01;4.134;20.67;5.886;29.43;0.2;2.9068;22.36;4.152200000000001;31.94;0.13;7.0408;21.335757575757576;10.0382;30.418787878787878;0.33;0.2668;13.34;0.9548000000000001;47.74;0.02;10.2486;11.02;33.647400000000005;36.18;0.93;0.6181;61.81;0.6334000000000001;63.34;0.01;0.9248000000000002;2.72;13.416400000000001;39.46;0.34
2020-01-01;Other;0.2097;2.33;1.1466;12.74;0.09;0.0664;6.64;0.2422;24.22;0.01;2.7265;14.35;3.7904999999999998;19.95;0.19;0.6748000000000001;16.87;0.9328000000000001;23.32;0.04;3.4013;14.788260869565217;4.7233;20.53608695652174;0.23;0.1709;17.09;0.2627;26.27;0.01;4.076;10.19;7.088;17.72;0.4;0.0;56.04;0.0;54.66;0.0;0.044399999999999995;0.74;0.5952;9.92;0.06
2021-01-01;Total;2.6733000000000002;3.99;15.329600000000001;22.88;0.67;0.5232;8.72;1.6782;27.97;0.06;13.5594;16.74;19.059300000000004;23.53;0.81;5.157000000000001;19.1;7.5708;28.04;0.27;18.7164;17.33;26.630100000000006;24.657500000000002;1.08;1.2789;14.21;2.9097;32.33;0.09;26.1738;9.99;68.1724;26.02;2.62;1.8596000000000001;46.49;1.9791999999999998;49.48;0.04;1.3731;1.99;19.9548;28.92;0.69
2021-01-01;Commuting;0.44880000000000003;4.08;2.024;18.4;0.11;0.1716;8.58;0.5092;25.46;0.02;4.3491;22.89;5.3067;27.93;0.19;0.18460000000000001;18.46;0.2636;26.36;0.01;4.5337;22.668499999999998;5.5703000000000005;27.8515;0.2;0.5604;18.68;0.8142;27.14;0.03;6.227899999999999;15.19;9.7744;23.84;0.41;0.3797;37.97;0.40159999999999996;40.16;0.01;0.032400000000000005;0.81;0.4012;10.03;0.04
2021-01-01;Shopping;0.30149999999999993;2.01;1.773;11.82;0.15;0.06559999999999999;6.56;0.2458;24.58;0.01;1.3940000000000001;6.97;2.7260000000000004;13.63;0.2;0.5045000000000001;10.09;0.8960000000000001;17.92;0.05;1.8985000000000003;7.594000000000001;3.6220000000000008;14.488000000000003;0.25;0.04070000000000001;4.07;0.1444;14.44;0.01;2.5250999999999997;4.43;7.558199999999999;13.26;0.57;0.0;37.03;0.0;43.02;0.0;0.1215;0.81;1.6965000000000001;11.31;0.15
2021-01-01;Education;0.268;3.35;1.3768;17.21;0.08;0.0992;9.92;0.2804;28.04;0.01;0.26530000000000004;26.53;0.33590000000000003;33.59;0.01;0.1648;8.24;0.3342;16.71;0.02;0.43010000000000004;14.336666666666668;0.6701;22.33666666666667;0.03;0.1034;10.34;0.26239999999999997;26.24;0.01;1.1322;6.66;3.1467000000000005;18.51;0.17;0.35159999999999997;35.16;0.3947;39.47;0.01;0.027999999999999997;0.7;0.36960000000000004;9.24;0.04
2021-01-01;Leisure;1.4122;6.14;8.7814;38.18;0.23;0.1834;9.17;0.647;32.35;0.02;4.6431;22.11;6.6087;31.47;0.21;3.4636;24.74;4.898600000000001;34.99;0.14;8.1067;23.162000000000003;11.507300000000003;32.87800000000001;0.35;0.4362;14.54;1.5369;51.23;0.03;11.8244;11.48;39.7374;38.58;1.03;0.6108;61.08;0.6455;64.55;0.01;1.152;2.88;16.94;42.35;0.4
2021-01-01;Other;0.21239999999999998;2.36;1.1853;13.17;0.09;0.0775;7.75;0.2644;26.44;0.01;2.924;14.62;4.104;20.52;0.2;0.7000000000000001;17.5;0.9708;24.27;0.04;3.624;15.1;5.0748;21.144999999999996;0.24000000000000002;0.3062;15.31;0.5324;26.62;0.02;4.532;10.3;8.0696;18.34;0.44;0.0;54.18;0.0;53.48;0.0;0.05600000000000001;0.8;0.7511000000000001;10.73;0.07
2022-01-01;Total;2.9718;3.81;16.6764;21.38;0.78;0.6968000000000001;8.71;2.2056;27.57;0.08;14.766200000000001;17.17;20.7518;24.13;0.86;5.4984;18.96;8.0185;27.65;0.29;20.2646;17.621391304347828;28.7703;25.017652173913046;1.15;1.3932;15.48;2.7675;30.75;0.09;29.0415;10.19;70.851;24.86;2.85;2.362;47.24;2.5050000000000003;50.1;0.05;1.204;1.72;17.794;25.42;0.7
2022-01-01;Commuting;0.5421;4.17;2.4219;18.63;0.13;0.17440000000000003;8.72;0.5144;25.72;0.02;5.0085;23.85;6.203399999999999;29.54;0.21;0.1996;19.96;0.2793;27.93;0.01;5.2081;23.673181818181817;6.4826999999999995;29.46681818181818;0.22;0.6245999999999999;20.82;0.8538;28.46;0.03;7.4352;15.49;11.8128;24.61;0.48;0.8098000000000001;40.49;0.8562000000000001;42.81;0.02;0.04000000000000001;0.8;0.5075000000000001;10.15;0.05
2022-01-01;Shopping;0.3502;2.06;2.0077000000000003;11.81;0.17;0.068;6.8;0.2461;24.61;0.01;1.46;7.3;2.834;14.17;0.2;0.6456;10.76;1.1118000000000001;18.53;0.06;2.1056;8.098461538461537;3.9458;15.176153846153847;0.26;0.0447;4.47;0.139;13.9;0.01;2.814;4.69;8.154;13.59;0.6;0.0;39.08;0.0;44.8;0.0;0.11200000000000002;0.8;1.5834000000000001;11.31;0.14
2022-01-01;Education;0.337;3.37;1.738;17.38;0.1;0.2002;10.01;0.5650000000000001;28.25;0.02;0.2636;26.36;0.3398;33.98;0.01;0.1684;8.42;0.3494;17.47;0.02;0.432;14.4;0.6892;22.973333333333336;0.03;0.1099;10.99;0.2712;27.12;0.01;1.5444;7.02;4.2042;19.11;0.22;0.3725;37.25;0.4129;41.29;0.01;0.034999999999999996;0.7;0.492;9.84;0.05
2022-01-01;Leisure;1.4823000000000002;5.49;9.0585;33.55;0.27;0.17739999999999997;8.87;0.6132;30.66;0.02;4.9013;21.31;6.9;30.0;0.23;3.5925;23.95;5.001;33.34;0.15;8.4938;22.352105263157895;11.901;31.318421052631578;0.38;0.4608;15.36;1.3452;44.84;0.03;12.753900000000002;11.49;38.639100000000006;34.81;1.11;1.1998;59.99;1.2644;63.22;0.02;0.95;2.5;14.2614;37.53;0.38
2022-01-01;Other;0.25739999999999996;2.34;1.4289;12.99;0.11;0.0755;7.55;0.2606;26.06;0.01;3.0954;14.74;4.4247;21.07;0.21;0.6851999999999999;17.13;0.9844;24.61;0.04;3.7806;15.1224;5.4091;21.6364;0.25;0.3072;15.36;0.518;25.9;0.02;4.696600000000001;10.21;8.5192;18.52;0.46;0.557;55.7;0.5496;54.96;0.01;0.0539;0.77;0.7476;10.68;0.07
2023-01-01;Total;2.9172000000000002;3.74;16.2084;20.78;0.78;0.852;8.52;2.704;27.04;0.1;15.4593;17.37;21.7249;24.41;0.89;5.9427;19.17;8.500200000000001;27.42;0.31;21.402;17.835;30.225100000000005;25.18758333333334;1.2;1.3653;15.17;2.7189;30.21;0.09;30.882199999999997;10.54;72.10730000000001;24.61;2.93;3.3355;47.65;3.5105000000000004;50.15;0.07;1.1384999999999998;1.65;16.8498;24.42;0.69
2023-01-01;Commuting;0.5908;4.22;2.6026000000000002;18.59;0.14;0.2583;8.61;0.7626000000000001;25.42;0.03;5.3152;24.16;6.688;30.4;0.22;0.40399999999999997;20.2;0.5738000000000001;28.69;0.02;5.7192;23.830000000000002;7.2618;30.2575;0.24;0.5609999999999999;18.7;0.8240999999999999;27.47;0.03;7.9713;15.63;12.765300000000002;25.03;0.51;0.8414;42.07;0.8745999999999999;43.73;0.02;0.048;0.8;0.6305999999999999;10.51;0.06
2023-01-01;Shopping;0.336;2.1;1.9247999999999998;12.03;0.16;0.0666;6.66;0.2479;24.79;0.01;1.508;7.54;2.926;14.63;0.2;0.6719999999999999;11.2;1.1388;18.98;0.06;2.1799999999999997;8.384615384615383;4.0648;15.633846153846154;0.26;0.0542;5.42;0.1533;15.33;0.01;3.0;5.0;8.459999999999999;14.1;0.6;0.0;39.88;0.0;45.53;0.0;0.11200000000000002;0.8;1.6310000000000002;11.65;0.14
2023-01-01;Education;0.3729;3.39;1.9206;17.46;0.11;0.1932;9.66;0.557;27.85;0.02;0.2635;26.35;0.3431;34.31;0.01;0.16519999999999999;8.26;0.353;17.65;0.02;0.42869999999999997;14.29;0.6960999999999999;23.203333333333333;0.03;0.11460000000000001;11.46;0.2782;27.82;0.01;1.6491;7.17;4.455100000000001;19.37;0.23;0.38560000000000005;38.56;0.4272;42.72;0.01;0.034499999999999996;0.69;0.49800000000000005;9.96;0.05
2023-01-01;Leisure;1.3905000000000003;5.15;8.5023;31.49;0.27;0.2601;8.67;0.8855999999999999;29.52;0.03;5.265;21.06;7.335;29.34;0.25;3.8688000000000002;24.18;5.227200000000001;32.67;0.16;9.1338;22.277560975609756;12.5622;30.639512195121952;0.41000000000000003;0.32020000000000004;16.01;0.88;44.0;0.02;13.260800000000001;11.84;37.5536;33.53;1.12;1.1794;58.97;1.2364;61.82;0.02;0.8917;2.41;13.445800000000002;36.34;0.37
2023-01-01;Other;0.23399999999999999;2.34;1.287;12.87;0.1;0.0742;7.42;0.2552;25.52;0.01;3.1458;14.98;4.4772;21.32;0.21;0.6888;17.22;0.986;24.65;0.04;3.8346;15.3384;5.4632;21.8528;0.25;0.15539999999999998;15.54;0.2559;25.59;0.01;4.8806;10.61;8.648000000000001;18.8;0.46;0.5628000000000001;56.28;0.5545;55.45;0.01;0.05460000000000001;0.78;0.7504000000000001;10.72;0.07
2024-01-01;Total;3.008;3.76;16.680000000000003;20.85;0.8;0.8480000000000001;8.48;2.7170000000000005;27.17;0.1;15.744100000000001;17.69;22.000799999999998;24.72;0.89;5.808;19.36;8.298;27.66;0.3;21.5521;18.111008403361346;30.2988;25.461176470588235;1.19;1.4696999999999998;16.33;2.7981;31.09;0.09;31.388000000000005;10.64;73.0715;24.77;2.95;3.3278000000000003;47.54;3.5042000000000004;50.06;0.07;1.1316;1.64;16.8429;24.41;0.69
2024-01-01;Commuting;0.5964;4.26;2.6166000000000005;18.69;0.14;0.25289999999999996;8.43;0.7686;25.62;0.03;5.39;24.5;6.721;30.55;0.22;0.20579999999999998;20.58;0.2877;28.77;0.01;5.5958;24.329565217391302;7.0087;30.472608695652173;0.23;0.6528;21.76;0.8742;29.14;0.03;8.416400000000001;15.88;13.334800000000001;25.16;0.53;1.2627000000000002;42.09;1.3167;43.89;0.03;0.0474;0.79;0.6167999999999999;10.28;0.06
2024-01-01;Shopping;0.3376;2.11;1.9184;11.99;0.16;0.0649;6.49;0.2458;24.58;0.01;1.524;7.62;2.956;14.78;0.2;0.6696;11.16;1.1460000000000001;19.1;0.06;2.1936;8.436923076923076;4.102;15.776923076923078;0.26;0.051;5.1;0.1539;15.39;0.01;2.994;4.99;8.496;14.16;0.6;0.0;39.8;0.0;45.13;0.0;0.11340000000000001;0.81;1.6450000000000002;11.75;0.14
2024-01-01;Education;0.374;3.4;1.9481000000000002;17.71;0.11;0.1968;9.84;0.561;28.05;0.02;0.2665;26.65;0.3458;34.58;0.01;0.1668;8.34;0.35380000000000006;17.69;0.02;0.4333;14.443333333333335;0.6996;23.32;0.03;0.11570000000000001;11.57;0.2904;29.04;0.01;1.7256;7.19;4.7016;19.59;0.24;0.3862;38.62;0.4274;42.74;0.01;0.034999999999999996;0.7;0.51;10.2;0.05
2024-01-01;Leisure;1.4392;5.14;8.775200000000002;31.34;0.28;0.2538;8.46;0.8867999999999999;29.56;0.03;5.3275;21.31;7.4;29.6;0.25;3.8848000000000003;24.28;5.2592;32.87;0.16;9.212299999999999;22.4690243902439;12.6592;30.87609756097561;0.41000000000000003;0.4755;15.85;1.3223999999999998;44.08;0.03;13.565999999999999;11.9;38.2584;33.56;1.14;1.1758;58.79;1.2322;61.61;0.02;0.888;2.4;13.4236;36.28;0.37
2024-01-01;Other;0.236;2.36;1.2960000000000003;12.96;0.1;0.0785;7.85;0.2591;25.91;0.01;3.024;15.12;4.288;21.44;0.2;0.7084;17.71;0.9972;24.93;0.04;3.7324;15.551666666666666;5.285200000000001;22.02166666666667;0.24000000000000002;0.1698;16.98;0.2672;26.72;0.01;4.788;10.64;8.504999999999999;18.9;0.45;0.5574;55.74;0.5494;54.94;0.01;0.05530000000000001;0.79;0.7665000000000001;10.95;0.07
2025-01-01;Total;3.032;3.79;16.84;21.05;0.8;0.852;8.52;2.725;27.25;0.1;15.975;17.75;22.293;24.77;0.9;5.88;19.6;8.322;27.74;0.3;21.855;18.212500000000002;30.615;25.5125;1.2;1.4832;16.48;2.8691999999999998;31.88;0.09;31.82;10.75;74.2072;25.07;2.96;3.3152000000000004;47.36;3.4804000000000004;49.72;0.07;1.1829999999999998;1.69;17.682;25.26;0.7
2025-01-01;Commuting;0.6034;4.31;2.6446000000000005;18.89;0.14;0.2556;8.52;0.7662;25.54;0.03;5.7063;24.81;7.0840000000000005;30.8;0.23;0.2107;21.07;0.29;29.0;0.01;5.917;24.654166666666665;7.3740000000000006;30.725;0.24000000000000002;0.6668999999999999;22.23;0.9186;30.62;0.03;8.5913;16.21;13.5309;25.53;0.53;1.26;42.0;1.3011;43.37;0.03;0.048;0.8;0.639;10.65;0.06
2025-01-01;Shopping;0.3392;2.12;1.9152000000000002;11.97;0.16;0.0684;6.84;0.2509;25.09;0.01;1.518;7.59;2.954;14.77;0.2;0.6798;11.33;1.1508;19.18;0.06;2.1978;8.453076923076923;4.1048;15.787692307692307;0.26;0.0437;4.37;0.1439;14.39;0.01;3.048;5.08;8.466;14.11;0.6;0.0;40.06;0.0;45.68;0.0;0.11060000000000002;0.79;1.5918;11.37;0.14
2025-01-01;Education;0.3773;3.43;1.9349;17.59;0.11;0.19340000000000002;9.67;0.5532;27.66;0.02;0.2701;27.01;0.3462;34.62;0.01;0.1684;8.42;0.35119999999999996;17.56;0.02;0.4385;14.616666666666667;0.6974;23.24666666666667;0.03;0.1226;12.26;0.2817;28.17;0.01;1.6836000000000002;7.32;4.4965;19.55;0.23;0.3864;38.64;0.4272;42.72;0.01;0.034999999999999996;0.7;0.509;10.18;0.05
2025-01-01;Leisure;1.4420000000000002;5.15;8.8732;31.69;0.28;0.2562;8.54;0.9003;30.01;0.03;5.4;21.6;7.4675;29.87;0.25;3.9760000000000004;24.85;5.312;33.2;0.16;9.376000000000001;22.868292682926832;12.7795;31.16951219512195;0.41000000000000003;0.4842;16.14;1.3629;45.43;0.03;13.6002;11.93;39.010799999999996;34.22;1.14;1.17;58.5;1.2252;61.26;0.02;0.9139;2.47;13.8676;37.48;0.37
2025-01-01;Other;0.238;2.38;1.3050000000000002;13.05;0.1;0.078;7.8;0.2608;26.08;0.01;3.1374;14.94;4.4961;21.41;0.21;0.7008;17.52;0.996;24.9;0.04;3.8382;15.3528;5.492100000000001;21.968400000000003;0.25;0.33280000000000004;16.64;0.5434;27.17;0.02;4.8852;10.62;8.74;19.0;0.46;0.5568;55.68;0.5503;55.03;0.01;0.05530000000000001;0.79;0.7735000000000001;11.05;0.07
