year;train_km;car_km;train_trips;car_trips;train_share;CPI_Train;CPI_Fuel;Ratio
1999;3,5819000000000005;26,3757;0,07;1,53;11,956565278927552;62,85666666666666;56,61694444444444;1,114300610282511
2000;3,5749000000000004;25,8998;0,07;1,5;12,128706992776857;64,35;68,41888888888889;0,9427530250305575
2001;3,5539000000000005;25,655;0,07;1,48;12,167181920579004;66,51;66,21694444444444;1,0059374245722486
2002;3,5357000000000003;25,6144;0,07;1,48;12,129289436399876;66,48;65,18111111111111;1,0205131724457706
2003;3,4853;25,9148;0,07;1,48;11,854721582579653;70,24;65,76444444444444;1,070298690610117
2004;3,4769000000000005;25,9888;0,07;1,48;11,799821487356486;73,9725;71,39361111111111;1,0380517731521877
2005;3,4426;25,2116;0,07;1,42;12,014294588576893;77,4075;79,30638888888889;0,9791765916028138
2006;3,4139000000000004;25,091700000000003;0,07;1,41;11,976243264481365;80,37;84,23638888888888;0,954754811605412
2007;3,3999;25,1202;0,07;1,41;11,921066195420073;81,9;86,82694444444444;0,945573610242069
2008;3,4090000000000007;24,3021;0,07;1,38;12,301929551695892;84,86583333333333;96,0786111111111;0,8906689926893282
2009;3,4174;24,7429;0,07;1,39;12,135524124387882;88,05;83,92277777777777;1,0508965320415002
2010;3,3922000000000003;25,064;0,07;1,4;11,920776491590585;89,43;97,96472222222222;0,913856533080676
2011;3,3852;24,2943;0,07;1,33;12,229989703571235;90,51;108,68527777777778;0,8329184160974137
2012;3,3831;24,3064;0,07;1,34;12,217988768305677;92,8;117,4522222222222;0,7908190092133359
2013;3,3915000000000006;24,7082;0,07;1,35;12,069523873920364;94,96;114,38833333333332;0,8305888347551962
2014;3,876;24,3609;0,08;1,3199999999999998;13,726719292840217;98,49083333333333;114,79972222222221;0,8591167747251992
2015;3,8608;23,903900000000004;0,08;1,29;13,90542667487853;100,0;100,00055555555555;1,0017133422158662
2016;3,88;23,5612;0,08;1,27;14,139323353206128;101,95;93,08999999999999;1,096455994338848
2017;3,8512;23,5797;0,08;1,26;14,039641426274748;102,31;100,44472222222221;1,0199005488112372
2018;3,8448;24,2473;0,08;1,28;13,686410058343807;103,39;107,76555555555554;0,9604356195928835
2019;3,8512;23,9036;0,08;1,26;13,875798060155361;107,99;106,26388888888887;1,01675813457226
2020;1,844;17,0328;0,04;1,04;9,768604848279368;109,01666666666667;99,68833333333333;1,096446332476317
2021;1,8596;18,7164;0,04;1,08;9,037713841368584;110,03000000000002;120,96499999999999;0,9151786806970756
2022;2,362;20,2646;0,05;1,15;10,439040775017014;112,18;148,28666666666666;0,7609048381494198
2023;3,3355;21,402;0,07;1,2;13,483577564426477;118,62;130,74694444444444;0,9090676898486176
2024;3,3278000000000003;21,5521;0,07;1,19;13,375455689130586;118,62;133,23749999999998;0,8910652373812403
2025;3,3152000000000004;21,855;0,07;1,2;13,171130940556692;126,575;131,72805555555556;0,9615639363599796
