"Consumentenprijzen; prijsindex 2015=100, 1996-2025"
"Bestedingscategorieën: 072210 Diesel"
"";"Onderwerp"
"";"CPI"
"Perioden";"2015 = 100"
"1996 januari";"50,16"
"1996 februari";"51,28"
"1996 maart";"50,83"
"1996 april";"51,76"
"1996 mei";"50,40"
"1996 juni";"49,96"
"1996 juli";"51,22"
"1996 augustus";"50,90"
"1996 september";"53,81"
"1996 oktober";"56,64"
"1996 november";"54,00"
"1996 december";"54,71"
"1997 januari";"56,13"
"1997 februari";"54,42"
"1997 maart";"52,58"
"1997 april";"52,38"
"1997 mei";"52,72"
"1997 juni";"52,34"
"1997 juli";"54,66"
"1997 augustus";"56,26"
"1997 september";"54,72"
"1997 oktober";"56,09"
"1997 november";"56,17"
"1997 december";"55,70"
"1998 januari";"54,16"
"1998 februari";"53,11"
"1998 maart";"51,85"
"1998 april";"52,79"
"1998 mei";"52,76"
"1998 juni";"51,75"
"1998 juli";"51,62"
"1998 augustus";"50,97"
"1998 september";"51,56"
"1998 oktober";"51,35"
"1998 november";"50,59"
"1998 december";"49,55"
"1999 januari";"51,07"
"1999 februari";"50,37"
"1999 maart";"52,16"
"1999 april";"53,85"
"1999 mei";"53,94"
"1999 juni";"53,57"
"1999 juli";"55,85"
"1999 augustus";"56,48"
"1999 september";"57,71"
"1999 oktober";"56,44"
"1999 november";"60,76"
"1999 december";"62,16"
"2000 januari";"61,30"
"2000 februari";"62,98"
"2000 maart";"62,62"
"2000 april";"61,43"
"2000 mei";"63,69"
"2000 juni";"63,83"
"2000 juli";"65,11"
"2000 augustus";"66,93"
"2000 september";"71,61"
"2000 oktober";"72,26"
"2000 november";"72,67"
"2000 december";"67,79"
"2001 januari";"65,04"
"2001 februari";"65,27"
"2001 maart";"61,81"
"2001 april";"63,52"
"2001 mei";"65,37"
"2001 juni";"67,15"
"2001 juli";"65,38"
"2001 augustus";"64,53"
"2001 september";"65,37"
"2001 oktober";"64,57"
"2001 november";"61,63"
"2001 december";"60,54"
"2002 januari";"59,91"
"2002 februari";"59,41"
"2002 maart";"61,49"
"2002 april";"62,71"
"2002 mei";"62,19"
"2002 juni";"60,76"
"2002 juli";"60,87"
"2002 augustus";"61,29"
"2002 september";"62,93"
"2002 oktober";"63,32"
"2002 november";"60,81"
"2002 december";"62,23"
"2003 januari";"63,53"
"2003 februari";"65,98"
"2003 maart";"67,79"
"2003 april";"61,82"
"2003 mei";"58,86"
"2003 juni";"59,37"
"2003 juli";"59,96"
"2003 augustus";"60,88"
"2003 september";"59,86"
"2003 oktober";"62,30"
"2003 november";"62,15"
"2003 december";"61,50"
"2004 januari";"63,80"
"2004 februari";"62,65"
"2004 maart";"66,12"
"2004 april";"66,25"
"2004 mei";"68,21"
"2004 juni";"67,07"
"2004 juli";"68,81"
"2004 augustus";"72,60"
"2004 september";"73,18"
"2004 oktober";"76,90"
"2004 november";"74,41"
"2004 december";"72,44"
"2005 januari";"71,01"
"2005 februari";"72,42"
"2005 maart";"76,74"
"2005 april";"78,20"
"2005 mei";"76,05"
"2005 juni";"81,39"
"2005 juli";"82,52"
"2005 augustus";"84,52"
"2005 september";"86,71"
"2005 oktober";"86,58"
"2005 november";"82,08"
"2005 december";"80,94"
"2006 januari";"81,94"
"2006 februari";"82,21"
"2006 maart";"84,16"
"2006 april";"86,85"
"2006 mei";"86,32"
"2006 juni";"86,80"
"2006 juli";"87,27"
"2006 augustus";"87,75"
"2006 september";"82,73"
"2006 oktober";"81,60"
"2006 november";"80,38"
"2006 december";"80,36"
"2007 januari";"78,43"
"2007 februari";"80,09"
"2007 maart";"81,40"
"2007 april";"83,53"
"2007 mei";"83,57"
"2007 juni";"85,25"
"2007 juli";"85,96"
"2007 augustus";"85,11"
"2007 september";"87,53"
"2007 oktober";"88,56"
"2007 november";"95,72"
"2007 december";"93,02"
"2008 januari";"92,44"
"2008 februari";"94,24"
"2008 maart";"99,21"
"2008 april";"101,50"
"2008 mei";"110,25"
"2008 juni";"112,39"
"2008 juli";"114,13"
"2008 augustus";"106,23"
"2008 september";"103,94"
"2008 oktober";"96,37"
"2008 november";"89,04"
"2008 december";"79,45"
"2009 januari";"79,43"
"2009 februari";"79,20"
"2009 maart";"78,16"
"2009 april";"79,62"
"2009 mei";"80,15"
"2009 juni";"84,09"
"2009 juli";"82,54"
"2009 augustus";"85,22"
"2009 september";"83,01"
"2009 oktober";"84,66"
"2009 november";"85,96"
"2009 december";"85,75"
"2010 januari";"88,97"
"2010 februari";"88,80"
"2010 maart";"92,29"
"2010 april";"95,62"
"2010 mei";"96,17"
"2010 juni";"96,33"
"2010 juli";"94,47"
"2010 augustus";"94,47"
"2010 september";"95,20"
"2010 oktober";"95,76"
"2010 november";"97,06"
"2010 december";"101,18"
"2011 januari";"104,17"
"2011 februari";"106,20"
"2011 maart";"110,24"
"2011 april";"111,37"
"2011 mei";"108,54"
"2011 juni";"107,89"
"2011 juli";"109,03"
"2011 augustus";"107,33"
"2011 september";"109,11"
"2011 oktober";"110,08"
"2011 november";"112,67"
"2011 december";"111,62"
"2012 januari";"115,01"
"2012 februari";"115,82"
"2012 maart";"117,84"
"2012 april";"117,52"
"2012 mei";"115,50"
"2012 juni";"111,86"
"2012 juli";"113,88"
"2012 augustus";"117,92"
"2012 september";"119,22"
"2012 oktober";"120,59"
"2012 november";"119,38"
"2012 december";"116,95"
"2013 januari";"117,36"
"2013 februari";"119,06"
"2013 maart";"117,20"
"2013 april";"114,45"
"2013 mei";"112,42"
"2013 juni";"112,75"
"2013 juli";"114,69"
"2013 augustus";"115,34"
"2013 september";"116,23"
"2013 oktober";"113,72"
"2013 november";"112,18"
"2013 december";"113,56"
"2014 januari";"116,09"
"2014 februari";"116,33"
"2014 maart";"114,87"
"2014 april";"115,44"
"2014 mei";"115,68"
"2014 juni";"116,25"
"2014 juli";"115,52"
"2014 augustus";"115,03"
"2014 september";"114,79"
"2014 oktober";"111,46"
"2014 november";"110,17"
"2014 december";"102,46"
"2015 januari";"97,02"
"2015 februari";"101,90"
"2015 maart";"104,58"
"2015 april";"104,25"
"2015 mei";"106,45"
"2015 juni";"105,72"
"2015 juli";"102,79"
"2015 augustus";"96,78"
"2015 september";"96,78"
"2015 oktober";"96,21"
"2015 november";"96,86"
"2015 december";"90,68"
"2016 januari";"85,28"
"2016 februari";"84,69"
"2016 maart";"88,64"
"2016 april";"88,93"
"2016 mei";"92,46"
"2016 juni";"95,21"
"2016 juli";"92,38"
"2016 augustus";"91,25"
"2016 september";"93,50"
"2016 oktober";"97,09"
"2016 november";"96,53"
"2016 december";"100,68"
"2017 januari";"101,48"
"2017 februari";"101,56"
"2017 maart";"99,78"
"2017 april";"100,44"
"2017 mei";"96,98"
"2017 juni";"94,58"
"2017 juli";"95,28"
"2017 augustus";"97,02"
"2017 september";"99,43"
"2017 oktober";"100,77"
"2017 november";"102,89"
"2017 december";"102,92"
"2018 januari";"105,25"
"2018 februari";"102,13"
"2018 maart";"102,61"
"2018 april";"105,98"
"2018 mei";"110,77"
"2018 juni";"110,97"
"2018 juli";"110,40"
"2018 augustus";"110,73"
"2018 september";"112,69"
"2018 oktober";"115,36"
"2018 november";"112,17"
"2018 december";"105,66"
"2019 januari";"106,37"
"2019 februari";"109,73"
"2019 maart";"111,14"
"2019 april";"112,37"
"2019 mei";"113,55"
"2019 juni";"108,73"
"2019 juli";"109,65"
"2019 augustus";"108,39"
"2019 september";"111,44"
"2019 oktober";"111,69"
"2019 november";"111,67"
"2019 december";"113,11"
"2020 januari";"115,30"
"2020 februari";"110,84"
"2020 maart";"103,40"
"2020 april";"99,89"
"2020 mei";"97,58"
"2020 juni";"98,06"
"2020 juli";"99,43"
"2020 augustus";"98,49"
"2020 september";"95,22"
"2020 oktober";"95,62"
"2020 november";"96,73"
"2020 december";"100,60"
"2021 januari";"105,60"
"2021 februari";"110,91"
"2021 maart";"114,01"
"2021 april";"113,58"
"2021 mei";"115,39"
"2021 juni";"117,95"
"2021 juli";"119,84"
"2021 augustus";"119,38"
"2021 september";"121,99"
"2021 oktober";"131,67"
"2021 november";"134,18"
"2021 december";"131,13"
"2022 januari";"136,63"
"2022 februari";"143,06"
"2022 maart";"173,72"
"2022 april";"164,23"
"2022 mei";"163,46"
"2022 juni";"175,81"
"2022 juli";"169,65"
"2022 augustus";"161,95"
"2022 september";"163,93"
"2022 oktober";"170,27"
"2022 november";"157,95"
"2022 december";"143,63"
"2023 januari";"146,62"
"2023 februari";"138,81"
"2023 maart";"134,07"
"2023 april";"130,39"
"2023 mei";"123,43"
"2023 juni";"124,87"
"2023 juli";"137,06"
"2023 augustus";"149,11"
"2023 september";"157,18"
"2023 oktober";"155,55"
"2023 november";"149,07"
"2023 december";"141,79"
"2024 januari";"143,22"
"2024 februari";"149,29"
"2024 maart";"148,22"
"2024 april";"148,93"
"2024 mei";"142,42"
"2024 juni";"140,82"
"2024 juli";"142,96"
"2024 augustus";"138,10"
"2024 september";"132,67"
"2024 oktober";"135,39"
"2024 november";"141,61"
"2024 december";"142,40"
"2025 januari";"144,70"
"2025 februari";"143,72"
"2025 maart";"138,52"
"2025 april";"134,12"
"2025 mei";"131,77"
"2025 juni";"136,48"
"2025 juli";"140,00"
"2025 augustus";"138,07"
"2025 september";"140,47"
"2025 oktober";"140,43"
"2025 november";"145,92"
"2025 december";"140,69"
"Bron: CBS"
