"Mobiliteitstrend; per rit, vervoerwijzen, reismotief, leeftijd en geslacht"
"Leeftijd: Totaal"
"Geslacht: Totaal mannen en vrouwen"
"Marges: Waarde"
"";""
"";"Vervoerwijzen";"Totaal";"Totaal";"Totaal";"Auto (bestuurder)";"Auto (bestuurder)";"Auto (bestuurder)";"Auto (passagier)";"Auto (passagier)";"Auto (passagier)";"Trein";"Trein";"Trein";"Bus/tram/metro";"Bus/tram/metro";"Bus/tram/metro";"Fiets";"Fiets";"Fiets";"Lopen";"Lopen";"Lopen";"Overige vervoerwijze";"Overige vervoerwijze";"Overige vervoerwijze"
"";"Onderwerp";"Ritten per persoon per dag (gemiddeld)";"Afgelegde afstand per rit (gemiddeld)";"Reisduur per rit";"Ritten per persoon per dag (gemiddeld)";"Afgelegde afstand per rit (gemiddeld)";"Reisduur per rit";"Ritten per persoon per dag (gemiddeld)";"Afgelegde afstand per rit (gemiddeld)";"Reisduur per rit";"Ritten per persoon per dag (gemiddeld)";"Afgelegde afstand per rit (gemiddeld)";"Reisduur per rit";"Ritten per persoon per dag (gemiddeld)";"Afgelegde afstand per rit (gemiddeld)";"Reisduur per rit";"Ritten per persoon per dag (gemiddeld)";"Afgelegde afstand per rit (gemiddeld)";"Reisduur per rit";"Ritten per persoon per dag (gemiddeld)";"Afgelegde afstand per rit (gemiddeld)";"Reisduur per rit";"Ritten per persoon per dag (gemiddeld)";"Afgelegde afstand per rit (gemiddeld)";"Reisduur per rit"
"Perioden";"Reismotieven";"aantal";"km";"Minuten";"aantal";"km";"Minuten";"aantal";"km";"Minuten";"aantal";"km";"Minuten";"aantal";"km";"Minuten";"aantal";"km";"Minuten";"aantal";"km";"Minuten";"aantal";"km";"Minuten"
"1999*";"Totaal";"3,40";"11,03";"23,77";"1,05";"16,37";"24,07";"0,48";"19,14";"28,96";"0,07";"51,17";"52,56";"0,16";"11,93";"27,75";"0,87";"3,17";"18,98";"0,65";"1,30";"20,34";"0,12";"17,12";"31,76"
"1999*";"Van en naar het werk";"0,59";"14,93";"24,96";"0,23";"21,00";"28,91";"0,05";"21,18";"31,95";"0,02";"42,15";"43,37";"0,04";"12,07";"25,81";"0,15";"3,51";"17,33";"0,05";"0,88";"10,38";"0,05";"17,99";"27,77"
"1999*";"Winkelen, boodschappen doen";"0,73";"4,96";"14,93";"0,23";"6,95";"14,59";"0,09";"10,08";"19,43";"0,01";"42,11";"46,42";"0,03";"9,02";"25,42";"0,20";"1,84";"12,25";"0,16";"0,89";"13,14";"0,01";"6,56";"16,57"
"1999*";"Onderwijs volgen, cursus, kinderopvang";"0,30";"6,84";"17,88";"0,02";"21,42";"25,77";"0,03";"8,68";"17,15";"0,01";"38,39";"41,94";"0,03";"13,46";"27,71";"0,12";"2,82";"15,95";"0,08";"0,71";"10,02";"0,01";"10,40";"27,88"
"1999*";"Vrije tijd";"1,18";"12,51";"31,30";"0,31";"18,38";"28,00";"0,25";"21,65";"33,19";"0,02";"66,85";"70,56";"0,04";"12,43";"32,25";"0,27";"4,57";"28,58";"0,27";"1,93";"32,05";"0,03";"16,71";"44,34"
"1999*";"Overige reismotieven";"0,59";"13,81";"21,41";"0,26";"17,86";"23,42";"0,07";"25,04";"28,89";"0,01";"67,64";"62,28";"0,02";"12,28";"26,90";"0,13";"2,17";"13,63";"0,09";"0,89";"12,60";"0,02";"26,90";"31,52"
"2000*";"Totaal";"3,34";"11,06";"23,76";"1,04";"16,46";"24,06";"0,46";"19,09";"28,79";"0,07";"51,07";"52,43";"0,15";"11,93";"27,71";"0,86";"3,19";"18,94";"0,63";"1,32";"20,61";"0,12";"16,81";"31,33"
"2000*";"Van en naar het werk";"0,59";"15,02";"24,85";"0,23";"21,22";"28,92";"0,04";"21,27";"31,75";"0,03";"41,98";"43,14";"0,04";"11,80";"25,63";"0,15";"3,54";"17,21";"0,05";"0,88";"10,39";"0,05";"17,63";"26,87"
"2000*";"Winkelen, boodschappen doen";"0,71";"5,00";"14,85";"0,23";"7,02";"14,55";"0,09";"10,26";"19,35";"0,01";"42,04";"46,36";"0,03";"8,92";"25,26";"0,19";"1,85";"12,20";"0,15";"0,88";"13,09";"0,01";"6,89";"16,74"
"2000*";"Onderwijs volgen, cursus, kinderopvang";"0,30";"6,97";"18,10";"0,02";"21,80";"26,34";"0,03";"8,64";"17,04";"0,01";"38,41";"42,03";"0,03";"13,66";"28,01";"0,12";"2,85";"15,94";"0,07";"0,73";"10,19";"0,01";"11,04";"29,18"
"2000*";"Vrije tijd";"1,16";"12,49";"31,37";"0,30";"18,46";"28,06";"0,24";"21,51";"32,95";"0,02";"66,64";"69,75";"0,03";"12,66";"32,16";"0,27";"4,58";"28,55";"0,27";"1,97";"32,49";"0,03";"16,22";"44,79"
"2000*";"Overige reismotieven";"0,57";"13,68";"21,13";"0,26";"17,75";"23,22";"0,06";"25,03";"28,76";"0,01";"67,24";"62,58";"0,02";"12,25";"27,25";"0,12";"2,15";"13,39";"0,09";"0,87";"12,18";"0,02";"25,94";"29,71"
"2001*";"Totaal";"3,29";"11,06";"23,66";"1,03";"16,55";"24,06";"0,45";"19,13";"28,58";"0,07";"50,77";"52,07";"0,15";"11,79";"27,26";"0,85";"3,20";"18,77";"0,63";"1,35";"20,73";"0,12";"16,88";"31,23"
"2001*";"Van en naar het werk";"0,58";"15,03";"24,87";"0,23";"21,40";"29,08";"0,04";"20,79";"31,38";"0,02";"42,01";"43,07";"0,04";"11,72";"25,39";"0,14";"3,56";"17,25";"0,05";"0,91";"10,79";"0,04";"17,87";"26,96"
"2001*";"Winkelen, boodschappen doen";"0,70";"4,99";"14,61";"0,23";"7,02";"14,43";"0,09";"10,23";"19,22";"0,01";"42,03";"46,22";"0,02";"8,99";"24,89";"0,19";"1,86";"12,01";"0,15";"0,89";"12,69";"0,01";"6,27";"15,57"
"2001*";"Onderwijs volgen, cursus, kinderopvang";"0,29";"6,93";"17,89";"0,02";"21,92";"26,70";"0,03";"8,47";"16,78";"0,01";"38,48";"41,87";"0,03";"13,48";"27,54";"0,12";"2,86";"15,70";"0,07";"0,72";"9,96";"0,01";"11,36";"28,80"
"2001*";"Vrije tijd";"1,14";"12,60";"31,36";"0,29";"18,71";"28,07";"0,23";"21,95";"32,88";"0,02";"66,32";"69,33";"0,03";"12,35";"31,25";"0,27";"4,61";"28,45";"0,27";"2,03";"32,74";"0,03";"16,95";"44,32"
"2001*";"Overige reismotieven";"0,57";"13,52";"21,10";"0,25";"17,75";"23,27";"0,06";"24,26";"28,43";"0,01";"66,60";"62,05";"0,02";"11,95";"26,88";"0,12";"2,14";"13,25";"0,09";"0,87";"12,48";"0,02";"24,94";"30,04"
"2002*";"Totaal";"3,29";"11,07";"23,48";"1,04";"16,54";"23,98";"0,44";"19,12";"28,50";"0,07";"50,51";"52,01";"0,14";"11,57";"27,32";"0,85";"3,20";"18,66";"0,62";"1,32";"20,15";"0,12";"17,24";"31,28"
"2002*";"Van en naar het werk";"0,59";"14,99";"24,64";"0,24";"21,43";"28,96";"0,04";"20,88";"31,12";"0,03";"42,13";"43,26";"0,04";"11,57";"25,37";"0,15";"3,57";"17,09";"0,05";"0,87";"10,22";"0,04";"17,80";"26,57"
"2002*";"Winkelen, boodschappen doen";"0,70";"5,02";"14,57";"0,23";"6,99";"14,41";"0,09";"10,26";"19,22";"0,01";"42,16";"46,65";"0,02";"9,14";"25,12";"0,19";"1,87";"11,99";"0,15";"0,87";"12,48";"0,01";"5,87";"15,92"
"2002*";"Onderwijs volgen, cursus, kinderopvang";"0,29";"6,94";"17,89";"0,02";"22,22";"27,25";"0,03";"8,58";"16,90";"0,01";"38,48";"42,16";"0,03";"13,31";"27,80";"0,12";"2,88";"15,74";"0,07";"0,69";"9,46";"0,01";"11,61";"29,82"
"2002*";"Vrije tijd";"1,14";"12,72";"31,18";"0,30";"18,84";"28,09";"0,23";"22,15";"32,93";"0,02";"66,11";"69,13";"0,03";"12,12";"31,43";"0,26";"4,62";"28,43";"0,26";"2,00";"32,06";"0,03";"16,72";"44,33"
"2002*";"Overige reismotieven";"0,57";"13,31";"20,76";"0,26";"17,62";"23,04";"0,06";"23,42";"28,01";"0,01";"65,57";"61,66";"0,02";"11,02";"26,65";"0,12";"2,13";"13,14";"0,09";"0,83";"11,85";"0,02";"28,14";"31,05"
"2003*";"Totaal";"3,29";"11,10";"23,67";"1,04";"16,74";"24,13";"0,44";"19,33";"28,52";"0,07";"49,79";"51,38";"0,14";"11,27";"27,38";"0,87";"3,25";"19,03";"0,62";"1,34";"20,59";"0,11";"17,88";"32,10"
"2003*";"Van en naar het werk";"0,58";"15,09";"24,73";"0,24";"21,56";"29,08";"0,04";"20,89";"31,05";"0,03";"41,87";"43,03";"0,04";"11,21";"25,41";"0,15";"3,60";"17,23";"0,05";"0,86";"10,22";"0,04";"18,78";"26,89"
"2003*";"Winkelen, boodschappen doen";"0,70";"5,08";"14,64";"0,23";"7,13";"14,50";"0,09";"10,63";"19,38";"0,01";"41,69";"46,10";"0,02";"8,56";"24,92";"0,19";"1,89";"12,03";"0,15";"0,87";"12,70";"0,01";"6,41";"16,24"
"2003*";"Onderwijs volgen, cursus, kinderopvang";"0,29";"6,98";"18,09";"0,02";"22,44";"27,73";"0,02";"8,68";"17,00";"0,01";"38,38";"41,96";"0,03";"13,19";"28,12";"0,12";"2,91";"15,89";"0,07";"0,70";"9,61";"0,01";"12,90";"31,79"
"2003*";"Vrije tijd";"1,15";"12,74";"31,54";"0,30";"19,20";"28,30";"0,23";"22,44";"32,97";"0,02";"65,52";"68,41";"0,03";"11,85";"31,46";"0,28";"4,68";"28,93";"0,26";"2,03";"32,90";"0,03";"17,91";"45,30"
"2003*";"Overige reismotieven";"0,58";"13,12";"20,69";"0,26";"17,69";"23,14";"0,06";"23,18";"27,87";"0,01";"64,77";"61,44";"0,02";"10,67";"26,76";"0,13";"2,15";"13,24";"0,09";"0,81";"11,66";"0,02";"26,49";"31,65"
"2004*";"Totaal";"3,28";"11,09";"23,64";"1,04";"16,79";"24,24";"0,44";"19,38";"28,62";"0,07";"49,67";"51,70";"0,14";"11,15";"27,47";"0,87";"3,27";"19,09";"0,62";"1,32";"20,15";"0,11";"17,15";"31,52"
"2004*";"Van en naar het werk";"0,61";"14,88";"24,54";"0,24";"21,76";"29,16";"0,04";"20,78";"30,79";"0,03";"41,95";"43,37";"0,04";"11,23";"25,57";"0,16";"3,62";"17,23";"0,06";"0,86";"10,32";"0,04";"18,08";"26,76"
"2004*";"Winkelen, boodschappen doen";"0,69";"5,06";"14,65";"0,23";"7,14";"14,58";"0,09";"10,54";"19,44";"0,01";"41,79";"46,56";"0,02";"8,56";"25,08";"0,19";"1,89";"12,13";"0,15";"0,85";"12,43";"0,01";"6,18";"16,59"
"2004*";"Onderwijs volgen, cursus, kinderopvang";"0,30";"6,85";"17,82";"0,02";"22,34";"27,97";"0,03";"8,68";"17,04";"0,01";"38,69";"42,56";"0,03";"13,39";"28,29";"0,13";"2,93";"15,75";"0,07";"0,68";"9,15";"0,01";"11,74";"29,48"
"2004*";"Vrije tijd";"1,15";"13,03";"31,59";"0,30";"19,41";"28,43";"0,23";"22,99";"33,21";"0,02";"65,36";"69,02";"0,03";"11,49";"31,58";"0,27";"4,69";"29,27";"0,26";"2,01";"32,38";"0,03";"18,66";"45,65"
"2004*";"Overige reismotieven";"0,53";"12,79";"20,47";"0,24";"17,27";"22,92";"0,06";"21,83";"27,48";"0,01";"64,04";"61,11";"0,02";"9,87";"26,33";"0,12";"2,14";"12,95";"0,08";"0,81";"11,33";"0,02";"23,10";"29,46"
"2005*";"Totaal";"3,22";"11,11";"23,75";"1,00";"17,03";"24,35";"0,42";"19,48";"28,47";"0,07";"49,18";"51,36";"0,13";"10,78";"27,46";"0,85";"3,32";"19,31";"0,63";"1,36";"20,16";"0,11";"18,42";"33,52"
"2005*";"Van en naar het werk";"0,60";"15,24";"25,04";"0,24";"22,38";"29,64";"0,04";"21,46";"31,10";"0,03";"41,63";"43,36";"0,04";"10,89";"25,82";"0,15";"3,68";"17,75";"0,06";"0,87";"10,10";"0,04";"20,22";"30,22"
"2005*";"Winkelen, boodschappen doen";"0,67";"5,05";"14,63";"0,22";"7,18";"14,58";"0,08";"10,61";"19,44";"0,00";"41,76";"46,46";"0,02";"8,50";"25,15";"0,19";"1,91";"12,10";"0,15";"0,87";"12,51";"0,01";"5,85";"16,38"
"2005*";"Onderwijs volgen, cursus, kinderopvang";"0,29";"6,91";"18,07";"0,02";"22,73";"28,55";"0,03";"8,80";"17,20";"0,01";"38,37";"42,36";"0,03";"12,71";"28,28";"0,13";"2,96";"15,98";"0,07";"0,70";"9,36";"0,01";"12,67";"30,68"
"2005*";"Vrije tijd";"1,13";"12,94";"31,58";"0,29";"19,75";"28,49";"0,22";"23,25";"33,01";"0,02";"64,82";"68,22";"0,03";"10,91";"31,21";"0,27";"4,73";"29,28";"0,27";"2,07";"32,12";"0,03";"20,29";"48,10"
"2005*";"Overige reismotieven";"0,52";"12,60";"20,33";"0,24";"17,15";"22,86";"0,05";"21,24";"27,19";"0,01";"63,42";"61,07";"0,02";"9,65";"26,37";"0,11";"2,16";"12,87";"0,08";"0,82";"11,19";"0,02";"22,58";"29,04"
"2006*";"Totaal";"3,24";"11,06";"23,71";"1,00";"17,15";"24,41";"0,41";"19,37";"28,26";"0,07";"48,77";"50,47";"0,13";"10,24";"27,00";"0,86";"3,32";"19,06";"0,65";"1,40";"20,73";"0,11";"18,47";"32,89"
"2006*";"Van en naar het werk";"0,61";"15,36";"25,03";"0,25";"22,54";"29,77";"0,03";"21,34";"30,79";"0,03";"41,44";"42,60";"0,04";"10,33";"25,30";"0,15";"3,70";"17,67";"0,06";"0,88";"10,50";"0,04";"20,63";"29,53"
"2006*";"Winkelen, boodschappen doen";"0,67";"5,02";"14,45";"0,22";"7,20";"14,52";"0,08";"10,63";"19,34";"0,00";"41,57";"46,14";"0,02";"8,03";"24,76";"0,19";"1,92";"11,92";"0,14";"0,87";"12,32";"0,01";"5,75";"15,55"
"2006*";"Onderwijs volgen, cursus, kinderopvang";"0,30";"6,87";"17,99";"0,02";"23,06";"28,98";"0,03";"8,70";"17,13";"0,01";"38,35";"42,11";"0,03";"11,73";"27,91";"0,13";"2,98";"15,86";"0,07";"0,70";"9,23";"0,01";"12,87";"30,94"
"2006*";"Vrije tijd";"1,12";"12,78";"31,81";"0,28";"19,93";"28,61";"0,21";"23,35";"32,99";"0,02";"64,52";"66,99";"0,03";"10,81";"30,65";"0,27";"4,76";"29,18";"0,28";"2,14";"33,06";"0,03";"19,57";"46,83"
"2006*";"Overige reismotieven";"0,54";"12,43";"20,12";"0,24";"16,96";"22,71";"0,06";"20,56";"26,82";"0,01";"62,60";"60,22";"0,01";"8,97";"25,99";"0,12";"2,18";"12,74";"0,08";"0,81";"11,00";"0,02";"23,18";"28,69"
"2007*";"Totaal";"3,19";"11,13";"23,93";"1,01";"17,22";"24,54";"0,40";"19,32";"28,28";"0,07";"48,57";"50,26";"0,13";"10,11";"27,09";"0,85";"3,36";"19,28";"0,63";"1,43";"21,13";"0,11";"17,77";"33,58"
"2007*";"Van en naar het werk";"0,61";"15,59";"25,26";"0,25";"22,63";"29,90";"0,03";"21,32";"30,75";"0,03";"41,36";"42,47";"0,04";"10,18";"25,50";"0,15";"3,72";"17,77";"0,06";"0,88";"10,33";"0,04";"20,53";"29,74"
"2007*";"Winkelen, boodschappen doen";"0,64";"5,16";"14,51";"0,21";"7,30";"14,54";"0,08";"10,92";"19,40";"0,01";"41,55";"46,13";"0,02";"8,18";"24,77";"0,18";"1,94";"11,93";"0,13";"0,87";"12,33";"0,01";"5,97";"15,63"
"2007*";"Onderwijs volgen, cursus, kinderopvang";"0,30";"6,88";"18,08";"0,02";"23,26";"29,43";"0,03";"8,49";"16,89";"0,01";"38,46";"42,19";"0,03";"11,91";"28,12";"0,13";"3,00";"15,91";"0,07";"0,71";"9,27";"0,01";"13,03";"31,23"
"2007*";"Vrije tijd";"1,10";"12,74";"32,05";"0,27";"20,10";"28,76";"0,21";"23,31";"33,02";"0,02";"64,16";"66,51";"0,03";"10,24";"30,52";"0,27";"4,80";"29,49";"0,28";"2,17";"33,38";"0,03";"18,47";"48,58"
"2007*";"Overige reismotieven";"0,54";"12,25";"20,26";"0,25";"16,69";"22,73";"0,06";"19,90";"26,72";"0,01";"62,44";"60,09";"0,01";"8,74";"25,90";"0,12";"2,20";"12,87";"0,08";"0,84";"11,35";"0,02";"20,42";"29,15"
"2008*";"Totaal";"3,16";"10,90";"23,41";"0,99";"17,11";"24,41";"0,39";"18,88";"27,97";"0,07";"48,70";"50,19";"0,13";"9,99";"26,88";"0,85";"3,33";"18,87";"0,63";"1,35";"20,04";"0,11";"16,76";"31,59"
"2008*";"Van en naar het werk";"0,62";"15,11";"24,55";"0,26";"22,50";"29,61";"0,03";"20,71";"30,12";"0,03";"41,81";"42,80";"0,04";"9,87";"25,08";"0,16";"3,71";"17,37";"0,07";"0,80";"9,14";"0,04";"19,39";"28,92"
"2008*";"Winkelen, boodschappen doen";"0,64";"4,90";"14,25";"0,21";"7,14";"14,46";"0,07";"10,26";"19,19";"0,01";"41,99";"46,67";"0,02";"7,79";"24,67";"0,18";"1,93";"11,89";"0,14";"0,83";"11,71";"0,01";"4,77";"14,98"
"2008*";"Onderwijs volgen, cursus, kinderopvang";"0,29";"6,86";"17,96";"0,02";"23,24";"29,69";"0,03";"8,21";"16,72";"0,01";"38,67";"42,39";"0,03";"11,86";"28,25";"0,13";"3,01";"15,92";"0,07";"0,68";"8,73";"0,01";"12,63";"30,10"
"2008*";"Vrije tijd";"1,06";"12,68";"31,61";"0,27";"19,95";"28,57";"0,20";"22,96";"32,76";"0,02";"64,53";"66,24";"0,03";"10,37";"30,18";"0,26";"4,77";"29,08";"0,27";"2,10";"32,97";"0,03";"17,64";"43,77"
"2008*";"Overige reismotieven";"0,54";"11,82";"19,79";"0,24";"16,46";"22,53";"0,06";"19,49";"26,38";"0,01";"62,69";"60,09";"0,01";"8,85";"25,82";"0,12";"2,22";"12,74";"0,08";"0,79";"10,64";"0,02";"18,99";"28,26"
"2009*";"Totaal";"3,19";"10,97";"23,61";"1,00";"17,29";"24,56";"0,39";"19,11";"28,01";"0,07";"48,82";"50,54";"0,13";"10,06";"27,01";"0,86";"3,40";"19,27";"0,64";"1,40";"20,21";"0,11";"16,16";"31,80"
"2009*";"Van en naar het werk";"0,61";"15,24";"24,73";"0,25";"22,82";"29,87";"0,03";"20,87";"30,12";"0,03";"41,77";"43,05";"0,04";"10,02";"25,29";"0,16";"3,75";"17,63";"0,07";"0,81";"9,29";"0,04";"18,56";"28,36"
"2009*";"Winkelen, boodschappen doen";"0,63";"5,00";"14,35";"0,21";"7,29";"14,53";"0,07";"10,54";"19,25";"0,00";"41,64";"46,23";"0,02";"7,46";"24,35";"0,18";"1,96";"11,85";"0,14";"0,88";"12,28";"0,01";"5,32";"14,83"
"2009*";"Onderwijs volgen, cursus, kinderopvang";"0,29";"6,85";"17,84";"0,02";"23,44";"30,07";"0,03";"8,17";"16,69";"0,01";"38,84";"42,81";"0,03";"11,79";"28,26";"0,13";"3,01";"15,87";"0,07";"0,67";"8,34";"0,01";"12,17";"29,90"
"2009*";"Vrije tijd";"1,11";"12,68";"31,66";"0,27";"20,18";"28,74";"0,20";"23,31";"32,80";"0,02";"64,64";"66,55";"0,03";"10,76";"30,45";"0,27";"4,83";"29,53";"0,28";"2,15";"32,44";"0,03";"16,75";"45,22"
"2009*";"Overige reismotieven";"0,54";"11,84";"19,85";"0,24";"16,50";"22,61";"0,06";"19,17";"26,25";"0,01";"62,42";"60,16";"0,01";"8,62";"25,85";"0,12";"2,25";"12,80";"0,09";"0,81";"10,70";"0,02";"18,55";"27,73"
"2010*";"Totaal";"3,21";"10,98";"23,58";"1,00";"17,40";"24,67";"0,40";"19,16";"27,96";"0,07";"48,46";"50,22";"0,13";"9,74";"26,92";"0,83";"3,40";"19,26";"0,68";"1,38";"19,87";"0,10";"16,72";"32,33"
"2010*";"Van en naar het werk";"0,63";"15,33";"24,79";"0,26";"23,02";"30,01";"0,03";"20,99";"30,02";"0,03";"41,63";"43,12";"0,04";"9,69";"25,23";"0,15";"3,79";"17,80";"0,08";"0,83";"9,53";"0,04";"19,99";"29,50"
"2010*";"Winkelen, boodschappen doen";"0,65";"5,07";"14,47";"0,21";"7,39";"14,68";"0,08";"10,85";"19,42";"0,00";"41,56";"46,59";"0,02";"7,52";"24,66";"0,18";"1,97";"12,06";"0,15";"0,86";"12,01";"0,01";"5,78";"16,53"
"2010*";"Onderwijs volgen, cursus, kinderopvang";"0,30";"6,88";"17,85";"0,02";"23,67";"30,46";"0,03";"8,75";"17,25";"0,01";"38,70";"42,23";"0,03";"11,40";"27,96";"0,13";"3,02";"15,80";"0,07";"0,69";"8,75";"0,01";"11,91";"29,77"
"2010*";"Vrije tijd";"1,09";"12,65";"31,55";"0,27";"20,26";"28,76";"0,20";"23,43";"32,84";"0,02";"64,31";"66,11";"0,03";"10,21";"30,21";"0,26";"4,83";"29,48";"0,29";"2,14";"32,07";"0,03";"16,18";"44,20"
"2010*";"Overige reismotieven";"0,53";"11,94";"20,11";"0,24";"16,49";"22,72";"0,06";"19,39";"26,43";"0,01";"62,40";"60,35";"0,01";"8,42";"25,99";"0,11";"2,26";"12,94";"0,09";"0,82";"11,11";"0,02";"19,55";"29,48"
"2011*";"Totaal";"3,09";"11,23";"23,83";"0,97";"17,79";"24,81";"0,36";"19,55";"28,01";"0,07";"48,36";"50,10";"0,13";"9,62";"26,93";"0,85";"3,44";"19,51";"0,61";"1,41";"20,37";"0,11";"17,89";"33,02"
"2011*";"Van en naar het werk";"0,62";"15,58";"24,87";"0,26";"23,37";"30,04";"0,02";"21,33";"30,00";"0,03";"41,53";"42,75";"0,04";"9,61";"25,25";"0,16";"3,82";"17,77";"0,07";"0,82";"9,52";"0,04";"20,65";"29,43"
"2011*";"Winkelen, boodschappen doen";"0,61";"5,14";"14,42";"0,20";"7,51";"14,68";"0,07";"11,12";"19,45";"0,01";"41,57";"46,68";"0,02";"7,54";"24,82";"0,17";"1,99";"12,06";"0,13";"0,86";"11,81";"0,01";"5,58";"15,95"
"2011*";"Onderwijs volgen, cursus, kinderopvang";"0,30";"6,92";"17,96";"0,02";"24,13";"31,06";"0,03";"8,45";"16,89";"0,01";"38,80";"42,76";"0,03";"11,20";"27,99";"0,14";"3,05";"15,95";"0,07";"0,68";"8,39";"0,01";"13,07";"29,80"
"2011*";"Vrije tijd";"1,05";"12,99";"32,21";"0,26";"20,85";"29,11";"0,19";"23,90";"32,86";"0,02";"63,83";"65,69";"0,03";"10,13";"30,19";"0,26";"4,89";"30,25";"0,27";"2,19";"33,15";"0,03";"18,49";"47,66"
"2011*";"Overige reismotieven";"0,51";"12,19";"20,02";"0,23";"16,69";"22,62";"0,05";"19,45";"26,17";"0,01";"61,92";"59,70";"0,01";"7,98";"25,64";"0,11";"2,28";"12,87";"0,07";"0,80";"10,58";"0,02";"21,48";"29,39"
"2012*";"Totaal";"3,10";"11,17";"23,88";"0,98";"17,72";"24,78";"0,36";"19,28";"27,89";"0,07";"48,33";"50,00";"0,12";"9,43";"26,77";"0,86";"3,47";"19,56";"0,61";"1,43";"20,88";"0,10";"17,55";"32,68"
"2012*";"Van en naar het werk";"0,61";"15,61";"24,76";"0,26";"23,42";"29,97";"0,02";"21,01";"29,71";"0,03";"41,50";"42,73";"0,04";"9,41";"24,92";"0,16";"3,84";"17,63";"0,06";"0,82";"9,62";"0,04";"19,22";"27,54"
"2012*";"Winkelen, boodschappen doen";"0,62";"5,04";"14,28";"0,21";"7,40";"14,65";"0,07";"10,80";"19,28";"0,00";"41,81";"46,57";"0,02";"7,43";"24,33";"0,18";"1,99";"11,96";"0,13";"0,83";"11,65";"0,01";"5,36";"16,09"
"2012*";"Onderwijs volgen, cursus, kinderopvang";"0,29";"7,02";"18,23";"0,02";"24,22";"31,48";"0,02";"8,07";"16,68";"0,01";"39,01";"43,05";"0,03";"11,25";"28,30";"0,13";"3,07";"16,16";"0,06";"0,67";"8,22";"0,01";"12,19";"29,79"
"2012*";"Vrije tijd";"1,08";"12,89";"32,17";"0,27";"20,70";"28,94";"0,19";"23,53";"32,64";"0,02";"63,61";"65,20";"0,03";"9,48";"29,58";"0,27";"4,91";"30,06";"0,27";"2,21";"33,62";"0,03";"19,68";"48,45"
"2012*";"Overige reismotieven";"0,50";"11,99";"20,04";"0,23";"16,61";"22,62";"0,05";"19,36";"26,22";"0,01";"61,63";"59,12";"0,01";"8,05";"25,87";"0,11";"2,28";"12,97";"0,08";"0,81";"11,13";"0,02";"21,39";"30,38"
"2013*";"Totaal";"3,12";"11,22";"23,67";"0,98";"17,82";"24,74";"0,37";"19,58";"27,87";"0,07";"48,45";"50,13";"0,12";"9,24";"26,56";"0,84";"3,50";"19,63";"0,64";"1,40";"19,88";"0,10";"17,55";"31,98"
"2013*";"Van en naar het werk";"0,61";"15,70";"24,61";"0,26";"23,70";"29,99";"0,02";"21,06";"29,42";"0,03";"41,45";"42,85";"0,04";"9,05";"24,68";"0,16";"3,86";"17,60";"0,07";"0,81";"9,21";"0,04";"20,81";"28,12"
"2013*";"Winkelen, boodschappen doen";"0,62";"5,06";"14,22";"0,21";"7,45";"14,64";"0,07";"10,95";"19,32";"0,00";"41,78";"46,45";"0,02";"7,20";"24,32";"0,17";"2,00";"11,91";"0,14";"0,81";"11,54";"0,01";"5,47";"15,63"
"2013*";"Onderwijs volgen, cursus, kinderopvang";"0,29";"7,04";"18,16";"0,02";"24,45";"31,72";"0,03";"8,32";"16,86";"0,01";"38,86";"42,38";"0,03";"10,94";"27,81";"0,13";"3,11";"16,19";"0,07";"0,68";"8,35";"0,01";"12,25";"28,65"
"2013*";"Vrije tijd";"1,10";"13,06";"31,72";"0,27";"20,94";"28,95";"0,20";"24,11";"32,68";"0,02";"63,91";"65,54";"0,03";"9,61";"29,48";"0,27";"4,94";"30,11";"0,28";"2,15";"31,89";"0,03";"18,50";"46,39"
"2013*";"Overige reismotieven";"0,50";"11,77";"19,73";"0,23";"16,38";"22,40";"0,05";"19,01";"26,01";"0,01";"62,03";"59,81";"0,01";"7,89";"25,63";"0,11";"2,28";"12,84";"0,08";"0,80";"10,46";"0,02";"19,34";"29,13"
"2014*";"Totaal";"3,12";"11,25";"24,15";"0,97";"17,97";"24,89";"0,35";"19,80";"28,06";"0,08";"48,45";"50,11";"0,12";"9,34";"26,77";"0,87";"3,55";"20,04";"0,62";"1,47";"21,28";"0,11";"17,61";"33,62"
"2014*";"Van en naar het werk";"0,62";"15,83";"24,93";"0,26";"24,04";"30,26";"0,02";"21,44";"29,56";"0,03";"41,28";"42,50";"0,04";"9,29";"24,94";"0,16";"3,90";"17,88";"0,07";"0,81";"9,63";"0,04";"21,31";"30,02"
"2014*";"Winkelen, boodschappen doen";"0,62";"5,08";"14,27";"0,21";"7,54";"14,69";"0,07";"11,14";"19,39";"0,00";"41,70";"46,28";"0,02";"7,21";"24,24";"0,18";"2,01";"11,92";"0,13";"0,82";"11,83";"0,01";"5,42";"15,83"
"2014*";"Onderwijs volgen, cursus, kinderopvang";"0,29";"7,13";"18,51";"0,01";"25,05";"32,29";"0,02";"8,26";"16,74";"0,01";"38,91";"42,54";"0,03";"11,10";"28,11";"0,14";"3,15";"16,50";"0,06";"0,67";"8,43";"0,01";"14,10";"31,04"
"2014*";"Vrije tijd";"1,11";"13,11";"32,71";"0,27";"21,33";"29,36";"0,19";"24,51";"33,00";"0,02";"63,58";"65,42";"0,03";"9,50";"29,66";"0,28";"5,01";"31,00";"0,29";"2,27";"33,89";"0,03";"18,44";"49,28"
"2014*";"Overige reismotieven";"0,48";"11,54";"19,53";"0,22";"16,02";"22,14";"0,05";"18,59";"25,87";"0,01";"61,96";"59,21";"0,01";"7,72";"25,40";"0,11";"2,26";"12,69";"0,07";"0,78";"10,18";"0,02";"18,18";"28,68"
"2015*";"Totaal";"3,02";"11,38";"24,19";"0,95";"18,09";"24,88";"0,34";"19,76";"27,78";"0,08";"48,26";"49,53";"0,12";"9,11";"26,48";"0,84";"3,58";"20,01";"0,59";"1,48";"21,67";"0,10";"18,24";"33,09"
"2015*";"Van en naar het werk";"0,60";"15,98";"24,86";"0,25";"24,25";"30,25";"0,02";"21,57";"29,43";"0,03";"41,31";"42,26";"0,04";"9,02";"24,78";"0,16";"3,93";"17,91";"0,07";"0,78";"9,31";"0,04";"21,50";"29,31"
"2015*";"Winkelen, boodschappen doen";"0,61";"5,14";"14,42";"0,21";"7,54";"14,75";"0,07";"11,02";"19,34";"0,00";"41,65";"45,88";"0,02";"7,01";"23,93";"0,18";"2,02";"11,89";"0,13";"0,85";"12,34";"0,01";"5,34";"15,82"
"2015*";"Onderwijs volgen, cursus, kinderopvang";"0,29";"7,28";"18,48";"0,02";"25,01";"32,37";"0,02";"8,29";"16,86";"0,02";"39,09";"42,35";"0,03";"10,80";"27,79";"0,13";"3,18";"16,43";"0,06";"0,66";"8,08";"0,01";"13,33";"29,74"
"2015*";"Vrije tijd";"1,07";"13,21";"32,77";"0,26";"21,51";"29,35";"0,18";"24,64";"32,74";"0,02";"63,19";"64,02";"0,03";"9,39";"29,22";"0,28";"5,02";"30,69";"0,27";"2,29";"34,78";"0,03";"19,24";"48,49"
"2015*";"Overige reismotieven";"0,45";"11,93";"19,70";"0,21";"16,15";"22,14";"0,05";"18,64";"25,65";"0,01";"61,48";"59,14";"0,01";"7,37";"25,13";"0,10";"2,25";"12,63";"0,06";"0,77";"9,97";"0,01";"20,94";"29,76"
"2016*";"Totaal";"2,98";"11,36";"24,08";"0,93";"18,18";"24,92";"0,34";"19,57";"27,64";"0,08";"48,50";"49,65";"0,12";"9,01";"26,28";"0,82";"3,58";"19,91";"0,59";"1,45";"21,40";"0,10";"17,12";"32,09"
"2016*";"Van en naar het werk";"0,61";"15,96";"24,89";"0,25";"24,35";"30,34";"0,02";"21,38";"29,37";"0,03";"41,49";"42,38";"0,04";"9,00";"24,67";"0,16";"3,95";"17,90";"0,07";"0,78";"9,57";"0,04";"20,53";"29,04"
"2016*";"Winkelen, boodschappen doen";"0,60";"5,06";"14,08";"0,20";"7,50";"14,60";"0,07";"10,97";"19,21";"0,00";"41,96";"46,46";"0,01";"6,99";"23,92";"0,17";"2,02";"11,73";"0,13";"0,81";"11,40";"0,01";"4,56";"14,62"
"2016*";"Onderwijs volgen, cursus, kinderopvang";"0,29";"7,29";"18,62";"0,02";"25,30";"32,76";"0,03";"8,46";"17,06";"0,02";"39,07";"42,22";"0,03";"10,56";"27,55";"0,14";"3,21";"16,57";"0,06";"0,66";"8,43";"0,01";"12,94";"29,45"
"2016*";"Vrije tijd";"1,06";"13,19";"32,57";"0,26";"21,47";"29,23";"0,18";"24,26";"32,45";"0,02";"63,52";"64,32";"0,03";"9,15";"28,77";"0,27";"5,03";"30,63";"0,27";"2,25";"34,44";"0,03";"18,26";"46,68"
"2016*";"Overige reismotieven";"0,43";"11,90";"19,65";"0,20";"16,12";"22,07";"0,04";"18,68";"25,66";"0,01";"61,45";"58,40";"0,01";"7,45";"25,01";"0,09";"2,24";"12,51";"0,06";"0,77";"10,09";"0,01";"18,51";"28,69"
"2017*";"Totaal";"2,95";"11,53";"24,10";"0,93";"18,35";"24,98";"0,33";"19,74";"27,53";"0,08";"48,14";"49,11";"0,12";"8,87";"26,06";"0,81";"3,61";"19,90";"0,58";"1,47";"21,50";"0,10";"17,60";"31,68"
"2017*";"Van en naar het werk";"0,62";"16,16";"25,11";"0,26";"24,57";"30,46";"0,02";"21,49";"29,29";"0,03";"41,20";"42,11";"0,04";"8,64";"24,54";"0,16";"3,99";"18,11";"0,07";"0,81";"10,13";"0,04";"22,47";"30,57"
"2017*";"Winkelen, boodschappen doen";"0,59";"5,21";"14,23";"0,20";"7,71";"14,74";"0,06";"11,37";"19,24";"0,00";"41,65";"46,04";"0,01";"6,87";"23,53";"0,17";"2,04";"11,76";"0,13";"0,83";"11,86";"0,01";"5,25";"14,75"
"2017*";"Onderwijs volgen, cursus, kinderopvang";"0,28";"7,30";"18,80";"0,01";"25,73";"33,20";"0,02";"8,35";"16,86";"0,02";"38,91";"41,86";"0,03";"10,29";"27,32";"0,13";"3,24";"16,78";"0,06";"0,70";"8,96";"0,01";"13,46";"29,58"
"2017*";"Vrije tijd";"1,03";"13,35";"32,39";"0,26";"21,54";"29,12";"0,18";"24,40";"32,27";"0,02";"63,30";"63,42";"0,03";"9,30";"28,35";"0,26";"5,05";"30,27";"0,26";"2,31";"34,86";"0,03";"16,60";"43,07"
"2017*";"Overige reismotieven";"0,43";"11,93";"19,68";"0,20";"16,17";"22,09";"0,04";"18,68";"25,65";"0,01";"61,27";"58,26";"0,01";"7,57";"25,31";"0,09";"2,25";"12,58";"0,06";"0,76";"10,17";"0,01";"19,12";"28,57"
"2018*";"Totaal";"3,04";"11,56";"24,13";"0,95";"18,59";"25,03";"0,33";"19,96";"27,55";"0,08";"48,06";"49,19";"0,12";"8,62";"26,07";"0,85";"3,65";"20,10";"0,60";"1,49";"21,28";"0,10";"18,36";"33,04"
"2018*";"Van en naar het werk";"0,64";"16,13";"24,89";"0,27";"24,80";"30,40";"0,02";"21,51";"29,02";"0,03";"41,26";"42,29";"0,04";"8,51";"24,51";"0,17";"4,01";"18,04";"0,08";"0,78";"9,46";"0,04";"22,85";"30,87"
"2018*";"Winkelen, boodschappen doen";"0,59";"5,21";"14,25";"0,20";"7,71";"14,81";"0,07";"11,36";"19,36";"0,00";"41,62";"46,33";"0,01";"6,69";"23,80";"0,17";"2,05";"11,90";"0,13";"0,81";"11,45";"0,01";"5,35";"16,16"
"2018*";"Onderwijs volgen, cursus, kinderopvang";"0,28";"7,32";"18,68";"0,02";"25,57";"33,16";"0,02";"8,24";"16,83";"0,02";"39,30";"42,38";"0,03";"10,41";"27,40";"0,13";"3,24";"16,66";"0,06";"0,67";"8,44";"0,01";"11,71";"27,81"
"2018*";"Vrije tijd";"1,07";"13,43";"32,65";"0,26";"22,07";"29,33";"0,18";"24,86";"32,35";"0,02";"62,45";"62,90";"0,03";"8,53";"28,36";"0,28";"5,12";"30,88";"0,28";"2,34";"34,45";"0,03";"19,90";"48,25"
"2018*";"Overige reismotieven";"0,45";"11,59";"19,24";"0,21";"16,07";"21,85";"0,04";"18,54";"25,40";"0,01";"61,07";"57,93";"0,01";"7,28";"24,74";"0,10";"2,26";"12,41";"0,06";"0,77";"10,00";"0,01";"17,96";"27,39"
"2019*";"Totaal";"2,97";"11,63";"24,19";"0,94";"18,58";"25,00";"0,32";"20,12";"27,61";"0,08";"48,14";"49,31";"0,12";"8,54";"25,98";"0,82";"3,67";"20,27";"0,58";"1,49";"21,32";"0,10";"17,89";"32,00"
"2019*";"Van en naar het werk";"0,61";"16,14";"24,82";"0,25";"24,98";"30,41";"0,02";"21,41";"28,85";"0,03";"41,34";"42,34";"0,04";"8,40";"24,20";"0,16";"4,05";"18,03";"0,07";"0,79";"9,62";"0,04";"21,56";"29,57"
"2019*";"Winkelen, boodschappen doen";"0,57";"5,35";"14,32";"0,20";"7,77";"14,82";"0,06";"11,61";"19,35";"0,00";"41,50";"46,04";"0,01";"6,55";"23,65";"0,16";"2,06";"11,90";"0,12";"0,80";"11,53";"0,01";"5,56";"16,12"
"2019*";"Onderwijs volgen, cursus, kinderopvang";"0,28";"7,28";"18,61";"0,01";"25,84";"33,35";"0,02";"8,08";"16,57";"0,02";"39,26";"42,07";"0,03";"10,05";"27,03";"0,13";"3,26";"16,68";"0,06";"0,67";"8,37";"0,01";"11,96";"27,73"
"2019*";"Vrije tijd";"1,05";"13,49";"32,61";"0,26";"22,08";"29,41";"0,18";"25,09";"32,47";"0,02";"62,69";"63,35";"0,03";"8,61";"28,45";"0,27";"5,12";"31,18";"0,27";"2,32";"33,94";"0,03";"19,84";"45,56"
"2019*";"Overige reismotieven";"0,45";"11,84";"19,64";"0,21";"16,29";"22,14";"0,05";"18,69";"25,69";"0,01";"60,72";"58,01";"0,01";"7,44";"25,41";"0,10";"2,28";"12,76";"0,06";"0,77";"10,07";"0,01";"17,85";"28,90"
"2020*";"Totaal";"2,48";"9,68";"24,45";"0,79";"16,07";"22,55";"0,25";"17,35";"25,83";"0,04";"46,10";"48,51";"0,06";"8,10";"25,70";"0,65";"3,95";"22,32";"0,61";"1,84";"26,41";"0,08";"13,55";"29,73"
"2020*";"Van en naar het werk";"0,41";"14,70";"23,22";"0,19";"22,29";"27,38";"0,01";"17,04";"25,20";"0,01";"38,76";"41,32";"0,02";"7,88";"24,02";"0,11";"4,02";"18,15";"0,04";"0,75";"9,31";"0,03";"16,37";"24,65"
"2020*";"Winkelen, boodschappen doen";"0,57";"4,33";"12,67";"0,20";"6,72";"13,06";"0,05";"9,36";"16,89";"0,00";"37,95";"43,36";"0,01";"5,88";"22,39";"0,16";"1,99";"11,48";"0,13";"0,77";"10,67";"0,01";"4,18";"13,36"
"2020*";"Onderwijs volgen, cursus, kinderopvang";"0,17";"6,67";"18,31";"0,01";"25,89";"33,39";"0,02";"7,63";"15,94";"0,01";"36,55";"40,69";"0,01";"9,86";"26,84";"0,08";"3,34";"17,11";"0,03";"0,65";"8,73";"0,01";"9,28";"25,12"
"2020*";"Vrije tijd";"0,93";"11,02";"36,18";"0,20";"20,67";"29,43";"0,13";"22,36";"31,94";"0,01";"61,81";"63,34";"0,01";"8,39";"29,11";"0,22";"6,16";"37,81";"0,34";"2,72";"39,46";"0,02";"13,34";"47,74"
"2020*";"Overige reismotieven";"0,40";"10,19";"17,72";"0,19";"14,35";"19,95";"0,04";"16,87";"23,32";"0,00";"56,04";"54,66";"0,01";"6,64";"24,22";"0,09";"2,33";"12,74";"0,06";"0,74";"9,92";"0,01";"17,09";"26,27"
"2021*";"Totaal";"2,62";"9,99";"26,02";"0,81";"16,74";"23,53";"0,27";"19,10";"28,04";"0,04";"46,49";"49,48";"0,06";"8,72";"27,97";"0,67";"3,99";"22,88";"0,69";"1,99";"28,92";"0,09";"14,21";"32,33"
"2021*";"Van en naar het werk";"0,41";"15,19";"23,84";"0,19";"22,89";"27,93";"0,01";"18,46";"26,36";"0,01";"37,97";"40,16";"0,02";"8,58";"25,46";"0,11";"4,08";"18,40";"0,04";"0,81";"10,03";"0,03";"18,68";"27,14"
"2021*";"Winkelen, boodschappen doen";"0,57";"4,43";"13,26";"0,20";"6,97";"13,63";"0,05";"10,09";"17,92";"0,00";"37,03";"43,02";"0,01";"6,56";"24,58";"0,15";"2,01";"11,82";"0,15";"0,81";"11,31";"0,01";"4,07";"14,44"
"2021*";"Onderwijs volgen, cursus, kinderopvang";"0,17";"6,66";"18,51";"0,01";"26,53";"33,59";"0,02";"8,24";"16,71";"0,01";"35,16";"39,47";"0,01";"9,92";"28,04";"0,08";"3,35";"17,21";"0,04";"0,70";"9,24";"0,01";"10,34";"26,24"
"2021*";"Vrije tijd";"1,03";"11,48";"38,58";"0,21";"22,11";"31,47";"0,14";"24,74";"34,99";"0,01";"61,08";"64,55";"0,02";"9,17";"32,35";"0,23";"6,14";"38,18";"0,40";"2,88";"42,35";"0,03";"14,54";"51,23"
"2021*";"Overige reismotieven";"0,44";"10,30";"18,34";"0,20";"14,62";"20,52";"0,04";"17,50";"24,27";"0,00";"54,18";"53,48";"0,01";"7,75";"26,44";"0,09";"2,36";"13,17";"0,07";"0,80";"10,73";"0,02";"15,31";"26,62"
"2022*";"Totaal";"2,85";"10,19";"24,86";"0,86";"17,17";"24,13";"0,29";"18,96";"27,65";"0,05";"47,24";"50,10";"0,08";"8,71";"27,57";"0,78";"3,81";"21,38";"0,70";"1,72";"25,42";"0,09";"15,48";"30,75"
"2022*";"Van en naar het werk";"0,48";"15,49";"24,61";"0,21";"23,85";"29,54";"0,01";"19,96";"27,93";"0,02";"40,49";"42,81";"0,02";"8,72";"25,72";"0,13";"4,17";"18,63";"0,05";"0,80";"10,15";"0,03";"20,82";"28,46"
"2022*";"Winkelen, boodschappen doen";"0,60";"4,69";"13,59";"0,20";"7,30";"14,17";"0,06";"10,76";"18,53";"0,00";"39,08";"44,80";"0,01";"6,80";"24,61";"0,17";"2,06";"11,81";"0,14";"0,80";"11,31";"0,01";"4,47";"13,90"
"2022*";"Onderwijs volgen, cursus, kinderopvang";"0,22";"7,02";"19,11";"0,01";"26,36";"33,98";"0,02";"8,42";"17,47";"0,01";"37,25";"41,29";"0,02";"10,01";"28,25";"0,10";"3,37";"17,38";"0,05";"0,70";"9,84";"0,01";"10,99";"27,12"
"2022*";"Vrije tijd";"1,11";"11,49";"34,81";"0,23";"21,31";"30,00";"0,15";"23,95";"33,34";"0,02";"59,99";"63,22";"0,02";"8,87";"30,66";"0,27";"5,49";"33,55";"0,38";"2,50";"37,53";"0,03";"15,36";"44,84"
"2022*";"Overige reismotieven";"0,46";"10,21";"18,52";"0,21";"14,74";"21,07";"0,04";"17,13";"24,61";"0,01";"55,70";"54,96";"0,01";"7,55";"26,06";"0,11";"2,34";"12,99";"0,07";"0,77";"10,68";"0,02";"15,36";"25,90"
"2023*";"Totaal";"2,93";"10,54";"24,61";"0,89";"17,37";"24,41";"0,31";"19,17";"27,42";"0,07";"47,65";"50,15";"0,10";"8,52";"27,04";"0,78";"3,74";"20,78";"0,69";"1,65";"24,42";"0,09";"15,17";"30,21"
"2023*";"Van en naar het werk";"0,51";"15,63";"25,03";"0,22";"24,16";"30,40";"0,02";"20,20";"28,69";"0,02";"42,07";"43,73";"0,03";"8,61";"25,42";"0,14";"4,22";"18,59";"0,06";"0,80";"10,51";"0,03";"18,70";"27,47"
"2023*";"Winkelen, boodschappen doen";"0,60";"5,00";"14,10";"0,20";"7,54";"14,63";"0,06";"11,20";"18,98";"0,00";"39,88";"45,53";"0,01";"6,66";"24,79";"0,16";"2,10";"12,03";"0,14";"0,80";"11,65";"0,01";"5,42";"15,33"
"2023*";"Onderwijs volgen, cursus, kinderopvang";"0,23";"7,17";"19,37";"0,01";"26,35";"34,31";"0,02";"8,26";"17,65";"0,01";"38,56";"42,72";"0,02";"9,66";"27,85";"0,11";"3,39";"17,46";"0,05";"0,69";"9,96";"0,01";"11,46";"27,82"
"2023*";"Vrije tijd";"1,12";"11,84";"33,53";"0,25";"21,06";"29,34";"0,16";"24,18";"32,67";"0,02";"58,97";"61,82";"0,03";"8,67";"29,52";"0,27";"5,15";"31,49";"0,37";"2,41";"36,34";"0,02";"16,01";"44,00"
"2023*";"Overige reismotieven";"0,46";"10,61";"18,80";"0,21";"14,98";"21,32";"0,04";"17,22";"24,65";"0,01";"56,28";"55,45";"0,01";"7,42";"25,52";"0,10";"2,34";"12,87";"0,07";"0,78";"10,72";"0,01";"15,54";"25,59"
"2024*";"Totaal";"2,95";"10,64";"24,77";"0,89";"17,69";"24,72";"0,30";"19,36";"27,66";"0,07";"47,54";"50,06";"0,10";"8,48";"27,17";"0,80";"3,76";"20,85";"0,69";"1,64";"24,41";"0,09";"16,33";"31,09"
"2024*";"Van en naar het werk";"0,53";"15,88";"25,16";"0,22";"24,50";"30,55";"0,01";"20,58";"28,77";"0,03";"42,09";"43,89";"0,03";"8,43";"25,62";"0,14";"4,26";"18,69";"0,06";"0,79";"10,28";"0,03";"21,76";"29,14"
"2024*";"Winkelen, boodschappen doen";"0,60";"4,99";"14,16";"0,20";"7,62";"14,78";"0,06";"11,16";"19,10";"0,00";"39,80";"45,13";"0,01";"6,49";"24,58";"0,16";"2,11";"11,99";"0,14";"0,81";"11,75";"0,01";"5,10";"15,39"
"2024*";"Onderwijs volgen, cursus, kinderopvang";"0,24";"7,19";"19,59";"0,01";"26,65";"34,58";"0,02";"8,34";"17,69";"0,01";"38,62";"42,74";"0,02";"9,84";"28,05";"0,11";"3,40";"17,71";"0,05";"0,70";"10,20";"0,01";"11,57";"29,04"
"2024*";"Vrije tijd";"1,14";"11,90";"33,56";"0,25";"21,31";"29,60";"0,16";"24,28";"32,87";"0,02";"58,79";"61,61";"0,03";"8,46";"29,56";"0,28";"5,14";"31,34";"0,37";"2,40";"36,28";"0,03";"15,85";"44,08"
"2024*";"Overige reismotieven";"0,45";"10,64";"18,90";"0,20";"15,12";"21,44";"0,04";"17,71";"24,93";"0,01";"55,74";"54,94";"0,01";"7,85";"25,91";"0,10";"2,36";"12,96";"0,07";"0,79";"10,95";"0,01";"16,98";"26,72"
"2025*";"Totaal";"2,96";"10,75";"25,07";"0,90";"17,75";"24,77";"0,30";"19,60";"27,74";"0,07";"47,36";"49,72";"0,10";"8,52";"27,25";"0,80";"3,79";"21,05";"0,70";"1,69";"25,26";"0,09";"16,48";"31,88"
"2025*";"Van en naar het werk";"0,53";"16,21";"25,53";"0,23";"24,81";"30,80";"0,01";"21,07";"29,00";"0,03";"42,00";"43,37";"0,03";"8,52";"25,54";"0,14";"4,31";"18,89";"0,06";"0,80";"10,65";"0,03";"22,23";"30,62"
"2025*";"Winkelen, boodschappen doen";"0,60";"5,08";"14,11";"0,20";"7,59";"14,77";"0,06";"11,33";"19,18";"0,00";"40,06";"45,68";"0,01";"6,84";"25,09";"0,16";"2,12";"11,97";"0,14";"0,79";"11,37";"0,01";"4,37";"14,39"
"2025*";"Onderwijs volgen, cursus, kinderopvang";"0,23";"7,32";"19,55";"0,01";"27,01";"34,62";"0,02";"8,42";"17,56";"0,01";"38,64";"42,72";"0,02";"9,67";"27,66";"0,11";"3,43";"17,59";"0,05";"0,70";"10,18";"0,01";"12,26";"28,17"
"2025*";"Vrije tijd";"1,14";"11,93";"34,22";"0,25";"21,60";"29,87";"0,16";"24,85";"33,20";"0,02";"58,50";"61,26";"0,03";"8,54";"30,01";"0,28";"5,15";"31,69";"0,37";"2,47";"37,48";"0,03";"16,14";"45,43"
"2025*";"Overige reismotieven";"0,46";"10,62";"19,00";"0,21";"14,94";"21,41";"0,04";"17,52";"24,90";"0,01";"55,68";"55,03";"0,01";"7,80";"26,08";"0,10";"2,38";"13,05";"0,07";"0,79";"11,05";"0,02";"16,64";"27,17"
"Bron: CBS"
